name,rank,subjectA,subjectB,Num,percent
贵州大学,1,机械工程,材料力学,22,4.17
贵州大学,2,凝聚态物理,电子、光学和磁性材料,22,4.17
贵州大学,3,凝聚态物理,材料化学,22,4.17
贵州大学,4,化学,化学工程,21,3.98
贵州大学,5,凝聚态物理,材料力学,19,3.60
贵州大学,6,电气与电子工程,电子、光学和磁性材料,19,3.60
贵州大学,7,凝聚态物理,材料科学,18,3.41
贵州大学,8,材料化学,金属与合金,18,3.41
贵州大学,9,生态学、进化、行为及分类,植物科学,17,3.22
贵州大学,10,有机化学,生物化学,17,3.22
贵州大学,11,材料力学,材料科学,16,3.03
贵州大学,12,电子、光学和磁性材料,材料化学,16,3.03
贵州大学,13,机械工程,材料科学,14,2.65
贵州大学,14,凝聚态物理,电气与电子工程,13,2.46
贵州大学,15,无机化学,材料化学,12,2.27
贵州大学,16,物理与理论化学,材料化学,12,2.27
贵州大学,17,化学,凝聚态物理,12,2.27
贵州大学,18,计算机科学应用,控制与系统工程,12,2.27
贵州大学,19,化学,材料科学,11,2.08
贵州大学,20,无机化学,物理与理论化学,11,2.08
哈佛大学,1,材料化学,聚合物和塑料,14,6.36
哈佛大学,2,化学,化学工程,11,5.00
哈佛大学,3,凝聚态物理,电气与电子工程,9,4.09
哈佛大学,4,建模与仿真,计算机科学应用,9,4.09
哈佛大学,5,凝聚态物理,电子、光学和磁性材料,9,4.09
哈佛大学,6,凝聚态物理,材料化学,9,4.09
哈佛大学,7,电气与电子工程,电子、光学和磁性材料,7,3.18
哈佛大学,8,建模与仿真,航空航天工程,7,3.18
哈佛大学,9,航空航天工程,计算机科学应用,7,3.18
哈佛大学,10,环境化学,污染,6,2.73
哈佛大学,11,化学,材料化学,6,2.73
哈佛大学,12,化学,聚合物和塑料,6,2.73
哈佛大学,13,应用微生物学与生物技术,生物工艺学,6,2.73
哈佛大学,14,计算机科学应用,应用数学,6,2.73
哈佛大学,15,软件,计算机网络与通信,6,2.73
哈佛大学,16,凝聚态物理,材料科学,6,2.73
哈佛大学,17,环境化学,环境工程,5,2.27
哈佛大学,18,化学,材料科学,5,2.27
哈佛大学,19,环境化学,废物管理和处置,5,2.27
哈佛大学,20,电气与电子工程,控制与系统工程,5,2.27
哈佛大学,21,计算机网络与通信,计算机科学应用,5,2.27
北京工业大学,1,机械工程,材料力学,162,8.15
北京工业大学,2,电气与电子工程,电子、光学和磁性材料,123,6.19
北京工业大学,3,机械工程,材料科学,79,3.98
北京工业大学,4,凝聚态物理,机械工程,77,3.88
北京工业大学,5,材料力学,材料科学,71,3.57
北京工业大学,6,凝聚态物理,材料科学,71,3.57
北京工业大学,7,凝聚态物理,电子、光学和磁性材料,68,3.42
北京工业大学,8,化学,化学工程,64,3.22
北京工业大学,9,电气与电子工程,原子与分子物理学、光学,63,3.17
北京工业大学,10,原子与分子物理学、光学,电子、光学和磁性材料,63,3.17
北京工业大学,11,凝聚态物理,材料力学,61,3.07
北京工业大学,12,计算机科学应用,控制与系统工程,60,3.02
北京工业大学,13,计算机科学应用,应用数学,55,2.77
北京工业大学,14,材料化学,金属与合金,54,2.72
北京工业大学,15,凝聚态物理,电气与电子工程,54,2.72
北京工业大学,16,凝聚态物理,材料化学,44,2.21
北京工业大学,17,建造与施工,土木与结构工程,41,2.06
北京工业大学,18,建模与仿真,计算机科学应用,40,2.01
北京工业大学,19,机械工程,计算机科学应用,40,2.01
北京工业大学,20,人工智能,控制与系统工程,37,1.86
斯坦福大学,1,生物化学、遗传学和分子生物学,医学,132,2.33
斯坦福大学,2,肿瘤,癌症研究,99,1.75
斯坦福大学,3,电气与电子工程,电子、光学和磁性材料,88,1.56
斯坦福大学,4,生物化学、遗传学和分子生物学,农业和生物科学,86,1.52
斯坦福大学,5,凝聚态物理,电子、光学和磁性材料,81,1.43
斯坦福大学,6,分子生物学,细胞生物学,70,1.24
斯坦福大学,7,null,医学,69,1.22
斯坦福大学,8,医学,农业和生物科学,69,1.22
斯坦福大学,9,分子生物学,生物化学,67,1.18
斯坦福大学,10,原子与分子物理学、光学,电子、光学和磁性材料,59,1.04
斯坦福大学,11,免疫学与微生物学,生物化学、遗传学和分子生物学,59,1.04
斯坦福大学,12,机械工程,材料科学,57,1.01
斯坦福大学,13,免疫及过敏病科,免疫学,56,0.99
斯坦福大学,14,凝聚态物理,机械工程,56,0.99
斯坦福大学,15,神经内科,临床神经病学,55,0.97
斯坦福大学,16,机械工程,材料力学,54,0.95
斯坦福大学,17,分子生物学,遗传学,54,0.95
斯坦福大学,18,心血管与心血管医学,外科,53,0.94
斯坦福大学,19,生物化学,细胞生物学,52,0.92
斯坦福大学,20,语言与语言学,语言学与语言,51,0.90
斯坦福大学,21,凝聚态物理,材料科学,51,0.90
斯坦福大学,22,地球化学与岩石,地球物理学,51,0.90
加州伯克利,1,电气与电子工程,电子、光学和磁性材料,39,2.99
加州伯克利,2,凝聚态物理,电子、光学和磁性材料,33,2.53
加州伯克利,3,化学,催化,32,2.46
加州伯克利,4,空间与行星科学,天文学和天体物理学,29,2.23
加州伯克利,5,生物化学、遗传学和分子生物学,医学,27,2.07
加州伯克利,6,电子、光学和磁性材料,表面，涂料和薄膜,20,1.53
加州伯克利,7,免疫学与微生物学,生物化学、遗传学和分子生物学,20,1.53
加州伯克利,8,生物化学,催化,19,1.46
加州伯克利,9,胶体与表面化学,生物化学,19,1.46
加州伯克利,10,化学,生物化学,19,1.46
加州伯克利,11,胶体与表面化学,催化,19,1.46
加州伯克利,12,化学,胶体与表面化学,19,1.46
加州伯克利,13,神经科学,生物化学、遗传学和分子生物学,18,1.38
加州伯克利,14,艺术与人文,社会科学,18,1.38
加州伯克利,15,免疫学与微生物学,医学,18,1.38
加州伯克利,16,统计与概率,统计、概率和不确定性,17,1.30
加州伯克利,17,生物化学、遗传学和分子生物学,农业和生物科学,17,1.30
加州伯克利,18,机械工程,材料科学,17,1.30
加州伯克利,19,凝聚态物理,电气与电子工程,17,1.30
加州伯克利,20,神经科学,医学,17,1.30
加州伯克利,21,软件,控制与系统工程,17,1.30
剑桥大学,1,生物化学、遗传学和分子生物学,医学,116,2.44
剑桥大学,2,生物化学、遗传学和分子生物学,农业和生物科学,101,2.13
剑桥大学,3,机械工程,材料力学,98,2.06
剑桥大学,4,凝聚态物理,电子、光学和磁性材料,82,1.73
剑桥大学,5,凝聚态物理,材料科学,80,1.68
剑桥大学,6,语言与语言学,语言学与语言,78,1.64
剑桥大学,7,空间与行星科学,天文学和天体物理学,78,1.64
剑桥大学,8,电气与电子工程,电子、光学和磁性材料,76,1.60
剑桥大学,9,凝聚态物理,电气与电子工程,72,1.52
剑桥大学,10,分子生物学,细胞生物学,72,1.52
剑桥大学,11,医学,农业和生物科学,72,1.52
剑桥大学,12,化学,化学工程,70,1.47
剑桥大学,13,凝聚态物理,机械工程,68,1.43
剑桥大学,14,分子生物学,生物化学,68,1.43
剑桥大学,15,化学,物理与天文学,63,1.33
剑桥大学,16,机械工程,材料科学,63,1.33
剑桥大学,17,凝聚态物理,材料力学,61,1.28
剑桥大学,18,化学,材料科学,54,1.14
剑桥大学,19,分子生物学,遗传学,54,1.14
剑桥大学,20,生物化学,细胞生物学,53,1.12
剑桥大学,21,化学,催化,53,1.12
牛津大学,1,生物化学、遗传学和分子生物学,医学,152,2.56
牛津大学,2,生物化学、遗传学和分子生物学,农业和生物科学,136,2.29
牛津大学,3,医学,农业和生物科学,97,1.63
牛津大学,4,化学,催化,77,1.30
牛津大学,5,语言与语言学,语言学与语言,74,1.25
牛津大学,6,计算机科学,理论计算机科学,73,1.23
牛津大学,7,分子生物学,遗传学,70,1.18
牛津大学,8,免疫及过敏病科,免疫学,59,0.99
牛津大学,9,分子生物学,细胞生物学,57,0.96
牛津大学,10,机械工程,材料力学,56,0.94
牛津大学,11,凝聚态物理,电子、光学和磁性材料,55,0.93
牛津大学,12,凝聚态物理,材料科学,54,0.91
牛津大学,13,分子生物学,生物化学,54,0.91
牛津大学,14,免疫学与微生物学,生物化学、遗传学和分子生物学,51,0.86
牛津大学,15,肿瘤,癌症研究,51,0.86
牛津大学,16,机械工程,材料科学,49,0.83
牛津大学,17,社会学与政治学,历史学,47,0.79
牛津大学,18,历史学,文化研究,47,0.79
牛津大学,19,社会学与政治学,政治学与国际关系,47,0.79
牛津大学,20,电子、光学和磁性材料,表面，涂料和薄膜,45,0.76
伦敦大学学院,1,生物化学、遗传学和分子生物学,医学,135,3.00
伦敦大学学院,2,生物化学、遗传学和分子生物学,农业和生物科学,114,2.54
伦敦大学学院,3,医学,农业和生物科学,87,1.94
伦敦大学学院,4,计算机科学,理论计算机科学,71,1.58
伦敦大学学院,5,凝聚态物理,电子、光学和磁性材料,70,1.56
伦敦大学学院,6,空间与行星科学,天文学和天体物理学,61,1.36
伦敦大学学院,7,临床神经病学,神经内科,61,1.36
伦敦大学学院,8,语言与语言学,语言学与语言,60,1.34
伦敦大学学院,9,电气与电子工程,计算机科学应用,50,1.11
伦敦大学学院,10,电气与电子工程,电子、光学和磁性材料,47,1.05
伦敦大学学院,11,分子生物学,细胞生物学,47,1.05
伦敦大学学院,12,肿瘤,癌症研究,44,0.98
伦敦大学学院,13,电气与电子工程,应用数学,42,0.93
伦敦大学学院,14,计算机科学应用,应用数学,41,0.91
伦敦大学学院,15,凝聚态物理,电气与电子工程,40,0.89
伦敦大学学院,16,免疫及过敏病科,免疫学,39,0.87
伦敦大学学院,17,分子生物学,生物化学,39,0.87
伦敦大学学院,18,软件,人机交互,38,0.85
伦敦大学学院,19,化学,化学工程,37,0.82
伦敦大学学院,20,免疫学与微生物学,生物化学、遗传学和分子生物学,36,0.80
京都大学,1,凝聚态物理,电子、光学和磁性材料,100,2.61
京都大学,2,分子生物学,生物化学,98,2.56
京都大学,3,化学,催化,83,2.17
京都大学,4,有机化学,生物化学,79,2.06
京都大学,5,生物化学、遗传学和分子生物学,医学,75,1.96
京都大学,6,电气与电子工程,电子、光学和磁性材料,65,1.70
京都大学,7,生物化学、遗传学和分子生物学,农业和生物科学,65,1.70
京都大学,8,医学,农业和生物科学,62,1.62
京都大学,9,机械工程,材料力学,61,1.59
京都大学,10,凝聚态物理,材料科学,57,1.49
京都大学,11,凝聚态物理,材料化学,53,1.38
京都大学,12,分子生物学,细胞生物学,53,1.38
京都大学,13,机械工程,材料科学,52,1.36
京都大学,14,化学,化学工程,52,1.36
京都大学,15,电子、光学和磁性材料,材料化学,51,1.33
京都大学,16,生物化学,细胞生物学,51,1.33
京都大学,17,化学,材料化学,50,1.31
京都大学,18,电子、光学和磁性材料,表面，涂料和薄膜,50,1.31
京都大学,19,材料力学,材料科学,49,1.28
京都大学,20,物理与理论化学,物理与天文学,44,1.15
东京大学,1,凝聚态物理,电子、光学和磁性材料,225,3.92
东京大学,2,电气与电子工程,电子、光学和磁性材料,211,3.68
东京大学,3,凝聚态物理,电气与电子工程,136,2.37
东京大学,4,空间与行星科学,天文学和天体物理学,110,1.92
东京大学,5,生物化学、遗传学和分子生物学,医学,110,1.92
东京大学,6,分子生物学,生物化学,109,1.90
东京大学,7,计算机科学,理论计算机科学,102,1.78
东京大学,8,医学,农业和生物科学,87,1.52
东京大学,9,生物化学、遗传学和分子生物学,农业和生物科学,86,1.50
东京大学,10,软件,计算机视觉与模式识别,80,1.39
东京大学,11,机械工程,材料力学,79,1.38
东京大学,12,化学,催化,79,1.38
东京大学,13,分子生物学,细胞生物学,77,1.34
东京大学,14,凝聚态物理,材料科学,76,1.32
东京大学,15,软件,人机交互,71,1.24
东京大学,16,电气与电子工程,计算机科学应用,69,1.20
东京大学,17,肿瘤,癌症研究,68,1.19
东京大学,18,地球化学与岩石,地球物理学,67,1.17
东京大学,19,凝聚态物理,机械工程,66,1.15
东京大学,20,电气与电子工程,应用数学,63,1.10
名古屋大学,1,分子生物学,生物化学,62,2.78
名古屋大学,2,电气与电子工程,电子、光学和磁性材料,58,2.60
名古屋大学,3,工程,物理与天文学,58,2.60
名古屋大学,4,凝聚态物理,电子、光学和磁性材料,55,2.47
名古屋大学,5,肿瘤,癌症研究,51,2.29
名古屋大学,6,凝聚态物理,材料科学,44,1.97
名古屋大学,7,分子生物学,细胞生物学,39,1.75
名古屋大学,8,生物化学,细胞生物学,36,1.61
名古屋大学,9,机械工程,材料力学,34,1.52
名古屋大学,10,材料化学,表面，涂料和薄膜,34,1.52
名古屋大学,11,化学,化学工程,32,1.43
名古屋大学,12,化学,材料化学,29,1.30
名古屋大学,13,生物化学,生物物理学,29,1.30
名古屋大学,14,化学,催化,29,1.30
名古屋大学,15,生物工艺学,生物医学工程,29,1.30
名古屋大学,16,电气与电子工程,生物工艺学,29,1.30
名古屋大学,17,电子、光学和磁性材料,表面，涂料和薄膜,28,1.26
名古屋大学,18,生物化学、遗传学和分子生物学,医学,28,1.26
名古屋大学,19,电气与电子工程,生物医学工程,27,1.21
名古屋大学,20,分子生物学,生物物理学,27,1.21
名古屋大学,21,凝聚态物理,化学,27,1.21
名古屋大学,22,有机化学,生物化学,27,1.21
名古屋大学,23,材料化学,金属与合金,27,1.21
名古屋大学,24,凝聚态物理,材料力学,27,1.21
名古屋大学,25,电气与电子工程,教育学,27,1.21
名古屋大学,26,凝聚态物理,材料化学,27,1.21
加利福尼亚大学戴维斯分校,1,生物化学、遗传学和分子生物学,医学,41,4.55
加利福尼亚大学戴维斯分校,2,生物化学、遗传学和分子生物学,农业和生物科学,40,4.43
加利福尼亚大学戴维斯分校,3,医学,农业和生物科学,38,4.21
加利福尼亚大学戴维斯分校,4,分子生物学,遗传学,29,3.22
加利福尼亚大学戴维斯分校,5,植物科学,农作物科学,21,2.33
加利福尼亚大学戴维斯分校,6,肿瘤,癌症研究,20,2.22
加利福尼亚大学戴维斯分校,7,免疫及过敏病科,免疫学,16,1.77
加利福尼亚大学戴维斯分校,8,林业,农作物科学,14,1.55
加利福尼亚大学戴维斯分校,9,林业,植物科学,14,1.55
加利福尼亚大学戴维斯分校,10,分子生物学,生物化学,13,1.44
加利福尼亚大学戴维斯分校,11,生态学、进化、行为及分类,动物科学与动物学,11,1.22
加利福尼亚大学戴维斯分校,12,凝聚态物理,电气与电子工程,11,1.22
加利福尼亚大学戴维斯分校,13,凝聚态物理,电子、光学和磁性材料,11,1.22
加利福尼亚大学戴维斯分校,14,分子生物学,细胞生物学,9,1.00
加利福尼亚大学戴维斯分校,15,内科,内分泌学、糖尿病和新陈代谢,9,1.00
加利福尼亚大学戴维斯分校,16,神经内科,临床神经病学,9,1.00
加利福尼亚大学戴维斯分校,17,凝聚态物理,辐射,8,0.89
加利福尼亚大学戴维斯分校,18,陶瓷和复合材料,电子、光学和磁性材料,8,0.89
加利福尼亚大学戴维斯分校,19,电气与电子工程,辐射,8,0.89
加利福尼亚大学戴维斯分校,20,分子生物学,癌症研究,7,0.78
加利福尼亚大学戴维斯分校,21,电气与电子工程,电子、光学和磁性材料,7,0.78
加利福尼亚大学戴维斯分校,22,陶瓷和复合材料,材料化学,7,0.78
加利福尼亚大学戴维斯分校,23,电子、光学和磁性材料,材料化学,7,0.78
加利福尼亚大学戴维斯分校,24,神经科学,临床神经病学,7,0.78
加利福尼亚大学戴维斯分校,25,精神病学与心理健康,临床心理学,7,0.78
康奈尔大学,1,生物化学、遗传学和分子生物学,医学,66,2.42
康奈尔大学,2,生物化学、遗传学和分子生物学,农业和生物科学,58,2.13
康奈尔大学,3,医学,农业和生物科学,45,1.65
康奈尔大学,4,空间与行星科学,天文学和天体物理学,44,1.61
康奈尔大学,5,食品科学,动物科学与动物学,44,1.61
康奈尔大学,6,动物科学与动物学,遗传学,42,1.54
康奈尔大学,7,凝聚态物理,材料科学,40,1.47
康奈尔大学,8,食品科学,遗传学,39,1.43
康奈尔大学,9,电气与电子工程,电子、光学和磁性材料,37,1.36
康奈尔大学,10,分子生物学,生物化学,36,1.32
康奈尔大学,11,分子生物学,遗传学,35,1.28
康奈尔大学,12,软件,计算机网络与通信,35,1.28
康奈尔大学,13,凝聚态物理,电子、光学和磁性材料,33,1.21
康奈尔大学,14,分子生物学,细胞生物学,31,1.14
康奈尔大学,15,机械工程,材料力学,30,1.10
康奈尔大学,16,凝聚态物理,机械工程,30,1.10
康奈尔大学,17,生态学、进化、行为及分类,生态学,29,1.06
康奈尔大学,18,软件,人机交互,29,1.06
康奈尔大学,19,化学,化学工程,26,0.95
康奈尔大学,20,电气与电子工程,控制与系统工程,25,0.92
康奈尔大学,21,免疫学与微生物学,生物化学、遗传学和分子生物学,25,0.92
瓦赫宁根大学,1,食品科学,动物科学与动物学,69,4.71
瓦赫宁根大学,2,生物化学、遗传学和分子生物学,农业和生物科学,61,4.17
瓦赫宁根大学,3,生物化学、遗传学和分子生物学,医学,61,4.17
瓦赫宁根大学,4,动物科学与动物学,遗传学,56,3.83
瓦赫宁根大学,5,农业和生物科学,医学,55,3.76
瓦赫宁根大学,6,植物科学,农作物科学,53,3.62
瓦赫宁根大学,7,农作物科学,动物科学与动物学,51,3.48
瓦赫宁根大学,8,管理、监督、政策与Law,地理、规划与发展,47,3.21
瓦赫宁根大学,9,食品科学,遗传学,43,2.94
瓦赫宁根大学,10,生态学、进化、行为及分类,生态学,32,2.19
瓦赫宁根大学,11,生理学,植物科学,31,2.12
瓦赫宁根大学,12,环境工程,废物管理和处置,31,2.12
瓦赫宁根大学,13,食品科学,农作物科学,29,1.98
瓦赫宁根大学,14,污染,废物管理和处置,26,1.78
瓦赫宁根大学,15,土壤学,农作物科学,25,1.71
瓦赫宁根大学,16,食品科学,生物工艺学,25,1.71
瓦赫宁根大学,17,植物科学,遗传学,24,1.64
瓦赫宁根大学,18,管理、监督、政策与Law,自然与景观保护,24,1.64
瓦赫宁根大学,19,营养学,医学（其它）,24,1.64
瓦赫宁根大学,20,应用微生物学与生物技术,生物工艺学,24,1.64
清华大学,1,机械工程,材料力学,412,4.81
清华大学,2,电气与电子工程,电子、光学和磁性材料,319,3.72
清华大学,3,计算机科学应用,应用数学,303,3.54
清华大学,4,电气与电子工程,能源工程与电力技术,292,3.41
清华大学,5,机械工程,材料科学,291,3.40
清华大学,6,电气与电子工程,计算机科学应用,284,3.31
清华大学,7,凝聚态物理,材料科学,231,2.70
清华大学,8,化学,化学工程,226,2.64
清华大学,9,材料力学,材料科学,222,2.59
清华大学,10,凝聚态物理,电子、光学和磁性材料,221,2.58
清华大学,11,计算机科学应用,控制与系统工程,215,2.51
清华大学,12,凝聚态物理,机械工程,213,2.49
清华大学,13,电气与电子工程,控制与系统工程,192,2.24
清华大学,14,凝聚态物理,电气与电子工程,175,2.04
清华大学,15,电气与电子工程,计算机网络与通信,174,2.03
清华大学,16,电气与电子工程,原子与分子物理学、光学,165,1.93
清华大学,17,工程,计算机科学应用,158,1.84
清华大学,18,工程,应用数学,156,1.82
清华大学,19,软件,计算机网络与通信,152,1.77
清华大学,20,凝聚态物理,材料力学,149,1.74
北京大学,1,肿瘤,癌症研究,265,3.06
北京大学,2,生物化学、遗传学和分子生物学,医学,229,2.65
北京大学,3,生物化学、遗传学和分子生物学,农业和生物科学,173,2.00
北京大学,4,电气与电子工程,电子、光学和磁性材料,172,1.99
北京大学,5,分子生物学,生物化学,164,1.90
北京大学,6,医学,农业和生物科学,141,1.63
北京大学,7,凝聚态物理,电子、光学和磁性材料,128,1.48
北京大学,8,有机化学,生物化学,121,1.40
北京大学,9,分子生物学,细胞生物学,116,1.34
北京大学,10,机械工程,材料力学,113,1.31
北京大学,11,有机化学,药物发现,113,1.31
北京大学,12,生物化学,细胞生物学,108,1.25
北京大学,13,药物发现,药理学,100,1.16
北京大学,14,分子生物学,遗传学,100,1.16
北京大学,15,制药科学,药理学,88,1.02
北京大学,16,化学,催化,88,1.02
北京大学,17,药物发现,制药科学,87,1.01
北京大学,18,机械工程,材料科学,83,0.96
北京大学,19,药理学（医学）,药理学、毒理学、药剂学（所有）,83,0.96
北京大学,20,计算机科学,理论计算机科学,82,0.95
北京大学,21,分子医学,药物发现,82,0.95
复旦大学,1,肿瘤,癌症研究,218,4.58
复旦大学,2,生物化学、遗传学和分子生物学,医学,174,3.66
复旦大学,3,分子生物学,生物化学,116,2.44
复旦大学,4,凝聚态物理,电子、光学和磁性材料,115,2.42
复旦大学,5,生物化学,细胞生物学,86,1.81
复旦大学,6,化学,化学工程,85,1.79
复旦大学,7,电气与电子工程,电子、光学和磁性材料,84,1.77
复旦大学,8,生物化学、遗传学和分子生物学,农业和生物科学,82,1.72
复旦大学,9,医学,农业和生物科学,77,1.62
复旦大学,10,分子生物学,细胞生物学,71,1.49
复旦大学,11,电气与电子工程,硬件和体系结构,71,1.49
复旦大学,12,化学,材料科学,70,1.47
复旦大学,13,分子生物学,遗传学,65,1.37
复旦大学,14,化学,催化,63,1.32
复旦大学,15,机械工程,材料力学,60,1.26
复旦大学,16,有机化学,生物化学,58,1.22
复旦大学,17,电子、光学和磁性材料,表面，涂料和薄膜,56,1.18
复旦大学,18,凝聚态物理,材料科学,56,1.18
复旦大学,19,凝聚态物理,电气与电子工程,55,1.16
复旦大学,20,化学,材料化学,53,1.11
东北师范大学,1,化学,材料科学,47,7.38
东北师范大学,2,化学,凝聚态物理,39,6.12
东北师范大学,3,化学,化学工程,38,5.97
东北师范大学,4,凝聚态物理,材料科学,37,5.81
东北师范大学,5,化学,材料化学,27,4.24
东北师范大学,6,材料化学,金属与合金,20,3.14
东北师范大学,7,化学,催化,19,2.98
东北师范大学,8,无机化学,物理与理论化学,19,2.98
东北师范大学,9,电子、光学和磁性材料,材料化学,17,2.67
东北师范大学,10,电子、光学和磁性材料,表面，涂料和薄膜,16,2.51
东北师范大学,11,化学,电子、光学和磁性材料,15,2.35
东北师范大学,12,生物化学、遗传学和分子生物学,农业和生物科学,15,2.35
东北师范大学,13,环境化学,污染,15,2.35
东北师范大学,14,生物化学、遗传学和分子生物学,医学,15,2.35
东北师范大学,15,材料化学,催化,15,2.35
东北师范大学,16,物理与理论化学,材料化学,14,2.20
东北师范大学,17,有机化学,物理与理论化学,13,2.04
东北师范大学,18,有机化学,生物化学,13,2.04
东北师范大学,19,材料化学,表面，涂料和薄膜,13,2.04
东北师范大学,20,机械工程,材料力学,12,1.88
东北师范大学,21,材料科学,可再生能源，可持续性和环境,12,1.88
东北师范大学,22,电气与电子工程,电子、光学和磁性材料,12,1.88
东北师范大学,23,医学,农业和生物科学,12,1.88
东北师范大学,24,陶瓷和复合材料,电子、光学和磁性材料,12,1.88
东北师范大学,25,陶瓷和复合材料,材料化学,12,1.88
中国农业大学,1,机械工程,农业和生物科学,311,10.66
中国农业大学,2,植物科学,农作物科学,126,4.32
中国农业大学,3,生物化学、遗传学和分子生物学,农业和生物科学,83,2.85
中国农业大学,4,食品科学,动物科学与动物学,82,2.81
中国农业大学,5,分子生物学,遗传学,80,2.74
中国农业大学,6,生物工程,农作物科学,79,2.71
中国农业大学,7,农作物科学,动物科学与动物学,78,2.67
中国农业大学,8,生物化学、遗传学和分子生物学,医学,76,2.61
中国农业大学,9,医学,农业和生物科学,74,2.54
中国农业大学,10,食品科学,农作物科学,69,2.37
中国农业大学,11,食品科学,生物化学,64,2.19
中国农业大学,12,土壤学,农作物科学,62,2.13
中国农业大学,13,生物化学,动物科学与动物学,55,1.89
中国农业大学,14,植物科学,生物化学,55,1.89
中国农业大学,15,环境化学,污染,54,1.85
中国农业大学,16,可食用动物,动物科学与动物学,52,1.78
中国农业大学,17,分析化学,食品科学,52,1.78
中国农业大学,18,食品科学,生物工艺学,49,1.68
中国农业大学,19,农作物科学,生态学,49,1.68
中国农业大学,20,分子生物学,生物化学,48,1.65
中国农业大学,21,植物科学,生态学,48,1.65
南京农业大学,1,植物科学,农作物科学,149,8.79
南京农业大学,2,生理学,植物科学,77,4.54
南京农业大学,3,分子生物学,遗传学,64,3.78
南京农业大学,4,生物化学、遗传学和分子生物学,医学,61,3.60
南京农业大学,5,植物科学,遗传学,59,3.48
南京农业大学,6,生物化学、遗传学和分子生物学,农业和生物科学,56,3.30
南京农业大学,7,医学,农业和生物科学,56,3.30
南京农业大学,8,土壤学,农作物科学,46,2.71
南京农业大学,9,环境化学,污染,46,2.71
南京农业大学,10,分子生物学,生物化学,45,2.65
南京农业大学,11,食品科学,农作物科学,44,2.60
南京农业大学,12,机械工程,农业和生物科学,41,2.42
南京农业大学,13,食品科学,动物科学与动物学,38,2.24
南京农业大学,14,食品科学,生物工艺学,37,2.18
南京农业大学,15,生理学,农作物科学,35,2.06
南京农业大学,16,农作物科学,动物科学与动物学,34,2.01
南京农业大学,17,植物科学,土壤学,34,2.01
南京农业大学,18,健康，毒理学和变异,污染,33,1.95
南京农业大学,19,应用微生物学与生物技术,生物工艺学,33,1.95
南京农业大学,20,微生物学,微生物学（医学）,32,1.89
西北农林科技大学,1,机械工程,农业和生物科学,137,6.97
西北农林科技大学,2,植物科学,农作物科学,87,4.43
西北农林科技大学,3,生物化学、遗传学和分子生物学,农业和生物科学,77,3.92
西北农林科技大学,4,生态学、进化、行为及分类,生态学,75,3.81
西北农林科技大学,5,生物化学、遗传学和分子生物学,医学,74,3.76
西北农林科技大学,6,医学,农业和生物科学,72,3.66
西北农林科技大学,7,植物科学,遗传学,57,2.90
西北农林科技大学,8,生理学,植物科学,56,2.85
西北农林科技大学,9,分子生物学,遗传学,48,2.44
西北农林科技大学,10,分子生物学,生物化学,44,2.24
西北农林科技大学,11,土壤学,农作物科学,42,2.14
西北农林科技大学,12,食品科学,动物科学与动物学,36,1.83
西北农林科技大学,13,食品科学,农作物科学,35,1.78
西北农林科技大学,14,农作物科学,遗传学,35,1.78
西北农林科技大学,15,环境化学,污染,35,1.78
西北农林科技大学,16,园艺,植物科学,31,1.58
西北农林科技大学,17,农作物科学,动物科学与动物学,30,1.53
西北农林科技大学,18,可食用动物,动物科学与动物学,29,1.48
西北农林科技大学,19,环境化学,环境工程,28,1.42
西北农林科技大学,20,环境工程,废物管理和处置,28,1.42
中国医科大学,1,肿瘤,癌症研究,163,9.37
中国医科大学,2,生物化学、遗传学和分子生物学,医学,116,6.67
中国医科大学,3,分子生物学,生物化学,62,3.57
中国医科大学,4,分子生物学,遗传学,60,3.45
中国医科大学,5,癌症研究,遗传学,52,2.99
中国医科大学,6,分子医学,癌症研究,51,2.93
中国医科大学,7,肿瘤,遗传学,50,2.88
中国医科大学,8,生物化学、遗传学和分子生物学,农业和生物科学,49,2.82
中国医科大学,9,医学,农业和生物科学,46,2.65
中国医科大学,10,生物化学,遗传学,42,2.42
中国医科大学,11,分子生物学,癌症研究,42,2.42
中国医科大学,12,分子医学,遗传学,42,2.42
中国医科大学,13,分子生物学,分子医学,42,2.42
中国医科大学,14,分子医学,肿瘤,41,2.36
中国医科大学,15,生物化学,癌症研究,38,2.19
中国医科大学,16,分子医学,生物化学,38,2.19
中国医科大学,17,生物化学,肿瘤,38,2.19
中国医科大学,18,分子生物学,肿瘤,38,2.19
中国医科大学,19,组织学,病理学与法医学,36,2.07
中国医科大学,20,公共卫生、环境与职业健康,健康，毒理学和变异,26,1.50
中国医科大学,21,药理学（医学）,肿瘤,26,1.50
首都医科大学,1,生物化学、遗传学和分子生物学,医学,155,6.48
首都医科大学,2,肿瘤,癌症研究,127,5.31
首都医科大学,3,临床神经病学,外科,108,4.52
首都医科大学,4,神经内科,临床神经病学,97,4.06
首都医科大学,5,生物化学、遗传学和分子生物学,农业和生物科学,79,3.30
首都医科大学,6,医学,农业和生物科学,64,2.68
首都医科大学,7,心血管与心血管医学,临床神经病学,63,2.63
首都医科大学,8,分子生物学,生物化学,55,2.30
首都医科大学,9,分子生物学,遗传学,53,2.22
首都医科大学,10,心血管与心血管医学,放射核医学与成像,45,1.88
首都医科大学,11,放射核医学与成像,临床神经病学,43,1.80
首都医科大学,12,生物化学,遗传学,37,1.55
首都医科大学,13,癌症研究,遗传学,36,1.51
首都医科大学,14,组织学,病理学与法医学,36,1.51
首都医科大学,15,癌症研究,医学,36,1.51
首都医科大学,16,分子生物学,癌症研究,35,1.46
首都医科大学,17,分子医学,遗传学,35,1.46
首都医科大学,18,分子生物学,分子医学,35,1.46
首都医科大学,19,分子医学,生物化学,34,1.42
首都医科大学,20,分子医学,癌症研究,34,1.42
首都医科大学,21,心血管与心血管医学,外科,34,1.42
首都医科大学,22,肿瘤,遗传学,34,1.42
北京协和医学院,1,肿瘤,癌症研究,132,5.50
北京协和医学院,2,生物化学、遗传学和分子生物学,医学,78,3.25
北京协和医学院,3,生物化学、遗传学和分子生物学,农业和生物科学,70,2.92
北京协和医学院,4,有机化学,药物发现,67,2.79
北京协和医学院,5,药物发现,药理学,64,2.67
北京协和医学院,6,药物发现,制药科学,62,2.58
北京协和医学院,7,分子生物学,生物化学,57,2.38
北京协和医学院,8,分子医学,药理学、毒理学、药剂学（所有）,56,2.33
北京协和医学院,9,药理学、毒理学、药剂学（所有）,医学,56,2.33
北京协和医学院,10,医学,农业和生物科学,55,2.29
北京协和医学院,11,分子医学,医学,55,2.29
北京协和医学院,12,药理学（医学）,补充和替代医学,53,2.21
北京协和医学院,13,分子医学,药物发现,49,2.04
北京协和医学院,14,制药科学,药理学,49,2.04
北京协和医学院,15,补充和替代医学,药物发现,48,2.00
北京协和医学院,16,补充和替代医学,制药科学,48,2.00
北京协和医学院,17,药理学（医学）,药理学、毒理学、药剂学（所有）,48,2.00
北京协和医学院,18,免疫及过敏病科,免疫学,43,1.79
北京协和医学院,19,肺和呼吸内科,肿瘤,42,1.75
北京协和医学院,20,分子医学,药理学,41,1.71
北京协和医学院,21,药理学（医学）,药理学,41,1.71
华中农业大学,1,分子生物学,遗传学,80,5.69
华中农业大学,2,植物科学,农作物科学,55,3.91
华中农业大学,3,生理学,植物科学,41,2.91
华中农业大学,4,分子生物学,生物化学,40,2.84
华中农业大学,5,植物科学,遗传学,39,2.77
华中农业大学,6,生物化学、遗传学和分子生物学,农业和生物科学,36,2.56
华中农业大学,7,生物化学、遗传学和分子生物学,医学,35,2.49
华中农业大学,8,医学,农业和生物科学,32,2.27
华中农业大学,9,微生物学,微生物学（医学）,29,2.06
华中农业大学,10,农作物科学,遗传学,28,1.99
华中农业大学,11,机械工程,农业和生物科学,25,1.78
华中农业大学,12,医学,遗传学,25,1.78
华中农业大学,13,环境化学,污染,24,1.71
华中农业大学,14,无机化学,有机化学,24,1.71
华中农业大学,15,分子生物学,有机化学,23,1.63
华中农业大学,16,生物工艺学,农作物科学,22,1.56
华中农业大学,17,分子生物学,计算机科学应用,22,1.56
华中农业大学,18,化学,化学工程,22,1.56
华中农业大学,19,无机化学,催化,22,1.56
华中农业大学,20,有机化学,催化,22,1.56
华中农业大学,21,物理与理论化学,催化,22,1.56
华中农业大学,22,无机化学,物理与理论化学,22,1.56
华中农业大学,23,无机化学,光谱学,22,1.56
华中农业大学,24,有机化学,物理与理论化学,22,1.56
华中农业大学,25,有机化学,光谱学,22,1.56
华中农业大学,26,应用微生物学与生物技术,生物工艺学,22,1.56
温州医科大学,1,生物化学、遗传学和分子生物学,医学,88,7.82
温州医科大学,2,肿瘤,癌症研究,61,5.42
温州医科大学,3,分子生物学,生物化学,46,4.09
温州医科大学,4,分子生物学,遗传学,43,3.82
温州医科大学,5,生物化学、遗传学和分子生物学,农业和生物科学,37,3.29
温州医科大学,6,医学,农业和生物科学,34,3.02
温州医科大学,7,分子医学,癌症研究,27,2.40
温州医科大学,8,组织学,病理学与法医学,26,2.31
温州医科大学,9,分子生物学,细胞生物学,26,2.31
温州医科大学,10,生物化学,细胞生物学,25,2.22
温州医科大学,11,分子生物学,分子医学,25,2.22
温州医科大学,12,药物发现,制药科学,25,2.22
温州医科大学,13,生物化学,遗传学,21,1.87
温州医科大学,14,分子医学,生物化学,21,1.87
温州医科大学,15,分子医学,肿瘤,20,1.78
温州医科大学,16,生物化学,临床生物化学,19,1.69
温州医科大学,17,癌症研究,遗传学,19,1.69
温州医科大学,18,分子医学,遗传学,19,1.69
温州医科大学,19,药物发现,药理学,19,1.69
温州医科大学,20,肿瘤,遗传学,19,1.69
南京医科大学,1,肿瘤,癌症研究,142,7.90
南京医科大学,2,生物化学、遗传学和分子生物学,医学,124,6.90
南京医科大学,3,分子生物学,生物化学,76,4.23
南京医科大学,4,分子生物学,遗传学,63,3.51
南京医科大学,5,分子生物学,分子医学,45,2.50
南京医科大学,6,分子医学,癌症研究,42,2.34
南京医科大学,7,生物化学、遗传学和分子生物学,农业和生物科学,41,2.28
南京医科大学,8,癌症研究,遗传学,41,2.28
南京医科大学,9,生物化学,遗传学,40,2.23
南京医科大学,10,分子生物学,癌症研究,40,2.23
南京医科大学,11,肿瘤,遗传学,40,2.23
南京医科大学,12,医学,农业和生物科学,39,2.17
南京医科大学,13,分子医学,生物化学,38,2.11
南京医科大学,14,分子生物学,细胞生物学,37,2.06
南京医科大学,15,癌症研究,医学,37,2.06
南京医科大学,16,生物化学,细胞生物学,36,2.00
南京医科大学,17,分子医学,遗传学,36,2.00
南京医科大学,18,分子生物学,肿瘤,33,1.84
南京医科大学,19,分子医学,肿瘤,32,1.78
南京医科大学,20,生物化学,癌症研究,31,1.73
南京医科大学,21,生物化学,肿瘤,31,1.73
重庆医科大学,1,肿瘤,癌症研究,103,8.39
重庆医科大学,2,生物化学、遗传学和分子生物学,医学,91,7.42
重庆医科大学,3,分子生物学,生物化学,65,5.30
重庆医科大学,4,分子医学,癌症研究,51,4.16
重庆医科大学,5,分子生物学,遗传学,42,3.42
重庆医科大学,6,癌症研究,遗传学,37,3.02
重庆医科大学,7,分子生物学,癌症研究,36,2.93
重庆医科大学,8,分子医学,生物化学,35,2.85
重庆医科大学,9,肿瘤,遗传学,34,2.77
重庆医科大学,10,分子生物学,分子医学,33,2.69
重庆医科大学,11,分子医学,肿瘤,32,2.61
重庆医科大学,12,生物化学,癌症研究,31,2.53
重庆医科大学,13,生物化学,遗传学,31,2.53
重庆医科大学,14,分子医学,遗传学,31,2.53
重庆医科大学,15,生物化学,肿瘤,31,2.53
重庆医科大学,16,分子生物学,肿瘤,31,2.53
重庆医科大学,17,生理学（医学）,放射核医学与成像,29,2.36
重庆医科大学,18,免疫及过敏病科,免疫学,28,2.28
重庆医科大学,19,生物化学、遗传学和分子生物学,农业和生物科学,27,2.20
重庆医科大学,20,医学,农业和生物科学,27,2.20
哈尔滨医科大学,1,肿瘤,癌症研究,127,12.10
哈尔滨医科大学,2,生物化学、遗传学和分子生物学,医学,72,6.86
哈尔滨医科大学,3,分子生物学,生物化学,71,6.76
哈尔滨医科大学,4,分子医学,癌症研究,53,5.05
哈尔滨医科大学,5,分子生物学,遗传学,52,4.95
哈尔滨医科大学,6,癌症研究,遗传学,48,4.57
哈尔滨医科大学,7,肿瘤,遗传学,48,4.57
哈尔滨医科大学,8,分子生物学,癌症研究,45,4.29
哈尔滨医科大学,9,生物化学,遗传学,43,4.10
哈尔滨医科大学,10,分子医学,生物化学,43,4.10
哈尔滨医科大学,11,分子生物学,分子医学,43,4.10
哈尔滨医科大学,12,分子医学,遗传学,40,3.81
哈尔滨医科大学,13,分子医学,肿瘤,40,3.81
哈尔滨医科大学,14,生物化学,癌症研究,39,3.71
哈尔滨医科大学,15,生物化学,肿瘤,39,3.71
哈尔滨医科大学,16,分子生物学,肿瘤,39,3.71
哈尔滨医科大学,17,生物化学、遗传学和分子生物学,农业和生物科学,33,3.14
哈尔滨医科大学,18,医学,农业和生物科学,33,3.14
哈尔滨医科大学,19,组织学,病理学与法医学,31,2.95
哈尔滨医科大学,20,分子生物学,细胞生物学,31,2.95
天津医科大学,1,肿瘤,癌症研究,108,9.73
天津医科大学,2,生物化学、遗传学和分子生物学,医学,50,4.50
天津医科大学,3,组织学,病理学与法医学,38,3.42
天津医科大学,4,分子生物学,生物化学,32,2.88
天津医科大学,5,药理学（医学）,肿瘤,29,2.61
天津医科大学,6,神经内科,临床神经病学,29,2.61
天津医科大学,7,生物化学、遗传学和分子生物学,农业和生物科学,25,2.25
天津医科大学,8,分子医学,癌症研究,25,2.25
天津医科大学,9,分子生物学,遗传学,25,2.25
天津医科大学,10,肺和呼吸内科,肿瘤,21,1.89
天津医科大学,11,癌症研究,医学,20,1.80
天津医科大学,12,分子生物学,癌症研究,19,1.71
天津医科大学,13,医学,农业和生物科学,19,1.71
天津医科大学,14,生物化学,遗传学,18,1.62
天津医科大学,15,癌症研究,遗传学,18,1.62
天津医科大学,16,分子生物学,细胞生物学,18,1.62
天津医科大学,17,药物发现,制药科学,18,1.62
天津医科大学,18,肿瘤,遗传学,17,1.53
天津医科大学,19,分子生物学,肿瘤,17,1.53
天津医科大学,20,免疫学,免疫及过敏病科,16,1.44
天津医科大学,21,生物化学,细胞生物学,16,1.44
天津医科大学,22,分子生物学,分子医学,16,1.44
天津医科大学,23,肺和呼吸内科,癌症研究,16,1.44
南方医科大学,1,生物化学、遗传学和分子生物学,医学,96,9.49
南方医科大学,2,癌症研究,肿瘤,85,8.40
南方医科大学,3,生物化学、遗传学和分子生物学,农业和生物科学,69,6.82
南方医科大学,4,农业和生物科学,医学,68,6.72
南方医科大学,5,生物化学,细胞生物学,46,4.55
南方医科大学,6,分子生物学,生物化学,38,3.75
南方医科大学,7,癌症研究,医学,35,3.46
南方医科大学,8,分子生物学,细胞生物学,34,3.36
南方医科大学,9,分子生物学,医学,31,3.06
南方医科大学,10,生物化学,生物物理学,30,2.96
南方医科大学,11,分子生物学,遗传学,28,2.77
南方医科大学,12,生物化学,医学,27,2.67
南方医科大学,13,生物物理学,细胞生物学,26,2.57
南方医科大学,14,组织学,病理学与法医学,24,2.37
南方医科大学,15,肿瘤,医学,21,2.08
南方医科大学,16,细胞生物学,医学,21,2.08
南方医科大学,17,免疫学,免疫及过敏病科,19,1.88
南方医科大学,18,生物化学,遗传学,19,1.88
南方医科大学,19,医学,遗传学,19,1.88
南方医科大学,20,分子生物学,分子医学,17,1.68
空军军医大学,1,肿瘤,癌症研究,70,7.85
空军军医大学,2,分子生物学,生物化学,52,5.83
空军军医大学,3,分子生物学,细胞生物学,36,4.04
空军军医大学,4,生物化学、遗传学和分子生物学,医学,36,4.04
空军军医大学,5,生物化学,细胞生物学,32,3.59
空军军医大学,6,分子医学,癌症研究,30,3.36
空军军医大学,7,分子生物学,遗传学,30,3.36
空军军医大学,8,分子生物学,分子医学,26,2.91
空军军医大学,9,分子医学,生物化学,25,2.80
空军军医大学,10,癌症研究,遗传学,25,2.80
空军军医大学,11,肿瘤,遗传学,24,2.69
空军军医大学,12,生物化学,遗传学,22,2.47
空军军医大学,13,分子医学,遗传学,21,2.35
空军军医大学,14,分子医学,肿瘤,21,2.35
空军军医大学,15,神经内科,临床神经病学,20,2.24
空军军医大学,16,分子生物学,癌症研究,20,2.24
空军军医大学,17,生物化学,癌症研究,19,2.13
空军军医大学,18,生物化学,肿瘤,19,2.13
空军军医大学,19,分子生物学,肿瘤,19,2.13
空军军医大学,20,组织学,病理学与法医学,16,1.79
空军军医大学,21,生物化学,生物物理学,16,1.79
空军军医大学,22,分子生物学,生物物理学,16,1.79
陆军军医大学,1,生物化学、遗传学和分子生物学,医学,70,6.94
陆军军医大学,2,肿瘤,癌症研究,61,6.05
陆军军医大学,3,分子生物学,生物化学,38,3.77
陆军军医大学,4,分子生物学,细胞生物学,35,3.47
陆军军医大学,5,生物化学、遗传学和分子生物学,农业和生物科学,32,3.17
陆军军医大学,6,医学,农业和生物科学,31,3.08
陆军军医大学,7,癌症研究,医学,26,2.58
陆军军医大学,8,组织学,病理学与法医学,24,2.38
陆军军医大学,9,生物化学,细胞生物学,23,2.28
陆军军医大学,10,分子生物学,遗传学,22,2.18
陆军军医大学,11,分子医学,癌症研究,20,1.98
陆军军医大学,12,分子生物学,分子医学,18,1.79
陆军军医大学,13,外科,骨科,17,1.69
陆军军医大学,14,癌症研究,遗传学,17,1.69
陆军军医大学,15,分子医学,生物化学,15,1.49
陆军军医大学,16,分子生物学,癌症研究,15,1.49
陆军军医大学,17,生物化学,生物物理学,14,1.39
陆军军医大学,18,分子生物学,生物物理学,14,1.39
陆军军医大学,19,生物材料,生物工程,14,1.39
陆军军医大学,20,免疫及过敏病科,免疫学,13,1.29
陆军军医大学,21,生物物理学,细胞生物学,13,1.29
陆军军医大学,22,生物化学,遗传学,13,1.29
陆军军医大学,23,肿瘤,遗传学,13,1.29
海军军医大学,1,肿瘤,癌症研究,70,5.86
海军军医大学,2,生物化学、遗传学和分子生物学,医学,61,5.11
海军军医大学,3,药物发现,药理学,56,4.69
海军军医大学,4,药物发现,制药科学,45,3.77
海军军医大学,5,分子生物学,生物化学,38,3.18
海军军医大学,6,制药科学,药理学,35,2.93
海军军医大学,7,临床神经病学,外科,31,2.60
海军军医大学,8,生物化学、遗传学和分子生物学,农业和生物科学,23,1.93
海军军医大学,9,农业和生物科学,医学,22,1.84
海军军医大学,10,免疫及过敏病科,免疫学,21,1.76
海军军医大学,11,生物化学,细胞生物学,21,1.76
海军军医大学,12,分子医学,癌症研究,21,1.76
海军军医大学,13,分子生物学,细胞生物学,21,1.76
海军军医大学,14,有机化学,药物发现,19,1.59
海军军医大学,15,分子医学,生物化学,17,1.42
海军军医大学,16,癌症研究,遗传学,17,1.42
海军军医大学,17,分子生物学,遗传学,17,1.42
海军军医大学,18,药理学（医学）,药理学,17,1.42
海军军医大学,19,外科,骨科,16,1.34
海军军医大学,20,分子生物学,生物物理学,16,1.34
海军军医大学,21,分子生物学,分子医学,16,1.34
海军军医大学,22,癌症研究,医学,16,1.34
北京工商大学,1,材料化学,聚合物和塑料,14,6.36
北京工商大学,2,化学,化学工程,11,5.00
北京工商大学,3,凝聚态物理,电气与电子工程,9,4.09
北京工商大学,4,建模与仿真,计算机科学应用,9,4.09
北京工商大学,5,凝聚态物理,电子、光学和磁性材料,9,4.09
北京工商大学,6,凝聚态物理,材料化学,9,4.09
北京工商大学,7,电气与电子工程,电子、光学和磁性材料,7,3.18
北京工商大学,8,建模与仿真,航空航天工程,7,3.18
北京工商大学,9,航空航天工程,计算机科学应用,7,3.18
北京工商大学,10,环境化学,污染,6,2.73
北京工商大学,11,化学,材料化学,6,2.73
北京工商大学,12,化学,聚合物和塑料,6,2.73
北京工商大学,13,应用微生物学与生物技术,生物工艺学,6,2.73
北京工商大学,14,计算机科学应用,应用数学,6,2.73
北京工商大学,15,软件,计算机网络与通信,6,2.73
北京工商大学,16,凝聚态物理,材料科学,6,2.73
北京工商大学,17,环境化学,环境工程,5,2.27
北京工商大学,18,化学,材料科学,5,2.27
北京工商大学,19,环境化学,废物管理和处置,5,2.27
北京工商大学,20,电气与电子工程,控制与系统工程,5,2.27
北京工商大学,21,计算机网络与通信,计算机科学应用,5,2.27
华中科技大学,1,电气与电子工程,电子、光学和磁性材料,307,5.41
华中科技大学,2,凝聚态物理,电子、光学和磁性材料,203,3.58
华中科技大学,3,机械工程,材料力学,199,3.51
华中科技大学,4,计算机科学应用,控制与系统工程,199,3.51
华中科技大学,5,电气与电子工程,原子与分子物理学、光学,179,3.16
华中科技大学,6,凝聚态物理,电气与电子工程,168,2.96
华中科技大学,7,原子与分子物理学、光学,电子、光学和磁性材料,155,2.73
华中科技大学,8,电气与电子工程,能源工程与电力技术,154,2.72
华中科技大学,9,机械工程,材料科学,150,2.65
华中科技大学,10,电气与电子工程,计算机科学应用,135,2.38
华中科技大学,11,软件,计算机科学应用,123,2.17
华中科技大学,12,生物化学、遗传学和分子生物学,医学,123,2.17
华中科技大学,13,电气与电子工程,控制与系统工程,122,2.15
华中科技大学,14,凝聚态物理,材料科学,121,2.13
华中科技大学,15,生物化学,遗传学,118,2.08
华中科技大学,16,材料力学,材料科学,115,2.03
华中科技大学,17,凝聚态物理,机械工程,115,2.03
华中科技大学,18,电气与电子工程,机械工程,104,1.83
华中科技大学,19,生物材料,生物医学工程,104,1.83
华中科技大学,20,能源工程与电力技术,燃料技术,103,1.82
华中科技大学,21,材料化学,金属与合金,103,1.82
河南理工大学,1,凝聚态物理,材料科学,54,8.40
河南理工大学,2,机械工程,材料力学,43,6.69
河南理工大学,3,化学,材料科学,40,6.22
河南理工大学,4,能源工程与电力技术,燃料技术,39,6.07
河南理工大学,5,凝聚态物理,电气与电子工程,33,5.13
河南理工大学,6,材料力学,材料科学,33,5.13
河南理工大学,7,机械工程,岩土工程和工程地质学,31,4.82
河南理工大学,8,化学,凝聚态物理,31,4.82
河南理工大学,9,机械工程,材料科学,31,4.82
河南理工大学,10,岩土工程和工程地质学,能源工程与电力技术,31,4.82
河南理工大学,11,电气与电子工程,机械工程,29,4.51
河南理工大学,12,机械工程,能源工程与电力技术,28,4.35
河南理工大学,13,电气与电子工程,能源工程与电力技术,27,4.20
河南理工大学,14,机械工程,燃料技术,26,4.04
河南理工大学,15,岩土工程和工程地质学,燃料技术,26,4.04
河南理工大学,16,电气与电子工程,岩土工程和工程地质学,24,3.73
河南理工大学,17,电气与电子工程,燃料技术,24,3.73
河南理工大学,18,化学,计算数学,23,3.58
河南理工大学,19,凝聚态物理,计算数学,23,3.58
河南理工大学,20,电气与电子工程,材料科学,23,3.58
河南理工大学,21,电气与电子工程,计算数学,23,3.58
河南理工大学,22,化学,电气与电子工程,23,3.58
河南理工大学,23,材料科学,计算数学,23,3.58
南开大学,1,化学,化学工程,75,4.41
南开大学,2,有机化学,生物化学,59,3.47
南开大学,3,化学,催化,49,2.88
南开大学,4,原子与分子物理学、光学,电子、光学和磁性材料,49,2.88
南开大学,5,计算机科学应用,控制与系统工程,45,2.65
南开大学,6,计算机科学应用,应用数学,43,2.53
南开大学,7,分子生物学,生物化学,43,2.53
南开大学,8,化学,材料科学,41,2.41
南开大学,9,电气与电子工程,电子、光学和磁性材料,41,2.41
南开大学,10,电子、光学和磁性材料,表面，涂料和薄膜,36,2.12
南开大学,11,化学,材料化学,35,2.06
南开大学,12,电子、光学和磁性材料,材料化学,35,2.06
南开大学,13,建模与仿真,应用数学,34,2.00
南开大学,14,有机化学,物理与理论化学,34,2.00
南开大学,15,有机化学,药物发现,33,1.94
南开大学,16,电气与电子工程,原子与分子物理学、光学,33,1.94
南开大学,17,应用数学,控制与系统工程,32,1.88
南开大学,18,建模与仿真,控制与系统工程,31,1.82
南开大学,19,建模与仿真,计算机科学应用,29,1.71
南开大学,20,陶瓷和复合材料,材料化学,29,1.71
上海交通大学,1,生物化学、遗传学和分子生物学,医学,474,5.25
上海交通大学,2,机械工程,材料力学,401,4.44
上海交通大学,3,机械工程,材料科学,257,2.85
上海交通大学,4,肿瘤,癌症研究,257,2.85
上海交通大学,5,材料力学,材料科学,251,2.78
上海交通大学,6,电气与电子工程,电子、光学和磁性材料,225,2.49
上海交通大学,7,凝聚态物理,材料科学,222,2.46
上海交通大学,8,凝聚态物理,机械工程,221,2.45
上海交通大学,9,电气与电子工程,计算机科学应用,209,2.31
上海交通大学,10,凝聚态物理,材料力学,207,2.29
上海交通大学,11,计算机科学应用,控制与系统工程,206,2.28
上海交通大学,12,电气与电子工程,能源工程与电力技术,194,2.15
上海交通大学,13,电气与电子工程,控制与系统工程,185,2.05
上海交通大学,14,化学,化学工程,163,1.80
上海交通大学,15,机械工程,海洋工程,152,1.68
上海交通大学,16,分子生物学,生物化学,152,1.68
上海交通大学,17,凝聚态物理,电子、光学和磁性材料,148,1.64
上海交通大学,18,凝聚态物理,电气与电子工程,131,1.45
上海交通大学,19,电气与电子工程,原子与分子物理学、光学,129,1.43
上海交通大学,20,计算机科学应用,应用数学,124,1.37
上海交通大学,21,电气与电子工程,计算机网络与通信,124,1.37
中国传媒大学,1,仪器仪表,计算机网络与通信,42,13.42
中国传媒大学,2,计算机网络与通信,控制与系统工程,40,12.78
中国传媒大学,3,能源工程与电力技术,控制与优化,38,12.14
中国传媒大学,4,计算机科学,控制与优化,38,12.14
中国传媒大学,5,计算机科学,能源工程与电力技术,38,12.14
中国传媒大学,6,计算机网络与通信,信号处理,36,11.50
中国传媒大学,7,建模与仿真,控制与系统工程,30,9.58
中国传媒大学,8,计算机科学应用,控制与系统工程,25,7.99
中国传媒大学,9,人工智能,计算机网络与通信,20,6.39
中国传媒大学,10,计算机科学应用,信号处理,20,6.39
中国传媒大学,11,建模与仿真,计算机网络与通信,18,5.75
中国传媒大学,12,仪器仪表,辐射,17,5.43
中国传媒大学,13,计算机科学应用,控制与优化,17,5.43
中国传媒大学,14,计算机网络与通信,计算机科学应用,17,5.43
中国传媒大学,15,建模与仿真,离散数学与组合数学,16,5.11
中国传媒大学,16,离散数学与组合数学,控制与系统工程,16,5.11
中国传媒大学,17,计算机网络与通信,离散数学与组合数学,16,5.11
中国传媒大学,18,计算机网络与通信,计算机视觉与模式识别,16,5.11
中国传媒大学,19,计算机视觉与模式识别,信号处理,16,5.11
中国传媒大学,20,建模与仿真,控制与优化,15,4.79
中国地质大学,1,环境化学,污染,92,3.75
中国地质大学,2,化学,化学工程,81,3.30
中国地质大学,3,地球化学与岩石,地质,80,3.26
中国地质大学,4,计算机科学应用,地球与行星科学,79,3.22
中国地质大学,5,地球化学与岩石,地球物理学,78,3.18
中国地质大学,6,机械工程,材料力学,73,2.98
中国地质大学,7,地质,岩土工程和工程地质学,67,2.73
中国地质大学,8,建造与施工,地球与行星科学,66,2.69
中国地质大学,9,凝聚态物理,材料科学,66,2.69
中国地质大学,10,地球表面过程,地质,66,2.69
中国地质大学,11,污染,水科学与技术,65,2.65
中国地质大学,12,经济地质学,地质,65,2.65
中国地质大学,13,建造与施工,计算机科学应用,64,2.61
中国地质大学,14,环境化学,水科学与技术,60,2.45
中国地质大学,15,能源工程与电力技术,燃料技术,57,2.32
中国地质大学,16,材料力学,材料科学,50,2.04
中国地质大学,17,电气与电子工程,电子、光学和磁性材料,50,2.04
中国地质大学,18,环境化学,环境工程,48,1.96
中国地质大学,19,地球表面过程,水科学与技术,47,1.92
中国地质大学,20,机械工程,材料科学,47,1.92
中山大学,1,肿瘤,癌症研究,187,3.82
中山大学,2,生物化学、遗传学和分子生物学,医学,155,3.17
中山大学,3,电气与电子工程,电子、光学和磁性材料,136,2.78
中山大学,4,分子生物学,生物化学,110,2.25
中山大学,5,分子生物学,遗传学,106,2.17
中山大学,6,生物化学、遗传学和分子生物学,农业和生物科学,94,1.92
中山大学,7,农业和生物科学,医学,89,1.82
中山大学,8,癌症研究,遗传学,77,1.57
中山大学,9,凝聚态物理,电子、光学和磁性材料,75,1.53
中山大学,10,凝聚态物理,电气与电子工程,74,1.51
中山大学,11,电气与电子工程,原子与分子物理学、光学,74,1.51
中山大学,12,原子与分子物理学、光学,电子、光学和磁性材料,72,1.47
中山大学,13,凝聚态物理,材料科学,69,1.41
中山大学,14,电气与电子工程,计算机科学应用,69,1.41
中山大学,15,化学,化学工程,68,1.39
中山大学,16,化学,材料科学,67,1.37
中山大学,17,机械工程,材料力学,67,1.37
中山大学,18,分子医学,癌症研究,67,1.37
中山大学,19,分子生物学,分子医学,64,1.31
中山大学,20,肿瘤,遗传学,64,1.31
中国矿业大学,1,能源工程与电力技术,燃料技术,193,9.70
中国矿业大学,2,岩土工程和工程地质学,能源工程与电力技术,126,6.33
中国矿业大学,3,机械工程,岩土工程和工程地质学,119,5.98
中国矿业大学,4,岩土工程和工程地质学,燃料技术,107,5.38
中国矿业大学,5,电气与电子工程,能源工程与电力技术,105,5.28
中国矿业大学,6,电气与电子工程,机械工程,105,5.28
中国矿业大学,7,机械工程,材料力学,105,5.28
中国矿业大学,8,机械工程,能源工程与电力技术,100,5.03
中国矿业大学,9,机械工程,燃料技术,99,4.97
中国矿业大学,10,地质,岩土工程和工程地质学,95,4.77
中国矿业大学,11,电气与电子工程,岩土工程和工程地质学,94,4.72
中国矿业大学,12,电气与电子工程,燃料技术,91,4.57
中国矿业大学,13,岩土工程和工程地质学,土木与结构工程,87,4.37
中国矿业大学,14,能源工程与电力技术,化学工程,83,4.17
中国矿业大学,15,燃料技术,化学工程,82,4.12
中国矿业大学,16,机械工程,材料科学,57,2.86
中国矿业大学,17,凝聚态物理,材料科学,57,2.86
中国矿业大学,18,地质,土木与结构工程,55,2.76
中国矿业大学,19,材料力学,材料科学,52,2.61
中国矿业大学,20,凝聚态物理,机械工程,52,2.61
西安电子科技大学,1,电气与电子工程,计算机科学应用,253,10.35
西安电子科技大学,2,电气与电子工程,电子、光学和磁性材料,169,6.91
西安电子科技大学,3,凝聚态物理,电气与电子工程,156,6.38
西安电子科技大学,4,电气与电子工程,计算机网络与通信,125,5.11
西安电子科技大学,5,电气与电子工程,原子与分子物理学、光学,117,4.79
西安电子科技大学,6,凝聚态物理,电子、光学和磁性材料,113,4.62
西安电子科技大学,7,电气与电子工程,信号处理,109,4.46
西安电子科技大学,8,原子与分子物理学、光学,电子、光学和磁性材料,94,3.84
西安电子科技大学,9,电气与电子工程,控制与系统工程,89,3.64
西安电子科技大学,10,电气与电子工程,应用数学,84,3.44
西安电子科技大学,11,计算机网络与通信,信息系统,82,3.35
西安电子科技大学,12,人工智能,计算机科学应用,79,3.23
西安电子科技大学,13,计算机网络与通信,信号处理,79,3.23
西安电子科技大学,14,软件,计算机网络与通信,78,3.19
西安电子科技大学,15,计算机科学应用,应用数学,74,3.03
西安电子科技大学,16,软件,计算机视觉与模式识别,69,2.82
西安电子科技大学,17,计算机科学应用,控制与系统工程,65,2.66
西安电子科技大学,18,计算机网络与通信,硬件和体系结构,63,2.58
西安电子科技大学,19,软件,电气与电子工程,56,2.29
西安电子科技大学,20,软件,人工智能,55,2.25
电子科技大学,1,电气与电子工程,电子、光学和磁性材料,316,9.95
电子科技大学,2,电气与电子工程,凝聚态物理,279,8.78
电子科技大学,3,凝聚态物理,电子、光学和磁性材料,239,7.53
电子科技大学,4,仪器仪表,计算机网络与通信,178,5.60
电子科技大学,5,电气与电子工程,原子与分子物理学、光学,177,5.57
电子科技大学,6,计算机网络与通信,信号处理,171,5.38
电子科技大学,7,电气与电子工程,计算机网络与通信,164,5.16
电子科技大学,8,电气与电子工程,仪器仪表,162,5.10
电子科技大学,9,电气与电子工程,信号处理,162,5.10
电子科技大学,10,原子与分子物理学、光学,电子、光学和磁性材料,143,4.50
电子科技大学,11,电气与电子工程,计算机科学应用,127,4.00
电子科技大学,12,仪器仪表,信号处理,106,3.34
电子科技大学,13,计算机科学应用,控制与系统工程,103,3.24
电子科技大学,14,仪器仪表,辐射,92,2.90
电子科技大学,15,凝聚态物理,原子与分子物理学、光学,88,2.77
电子科技大学,16,建模与仿真,计算机科学应用,87,2.74
电子科技大学,17,电气与电子工程,应用数学,85,2.68
电子科技大学,18,电气与电子工程,辐射,85,2.68
电子科技大学,19,计算机科学应用,应用数学,74,2.33
电子科技大学,20,机械工程,材料力学,74,2.33
天津大学,1,机械工程,材料力学,396,8.31
天津大学,2,化学,化学工程,266,5.58
天津大学,3,机械工程,材料科学,226,4.74
天津大学,4,材料力学,材料科学,226,4.74
天津大学,5,电气与电子工程,电子、光学和磁性材料,218,4.58
天津大学,6,凝聚态物理,电子、光学和磁性材料,178,3.74
天津大学,7,凝聚态物理,电气与电子工程,166,3.48
天津大学,8,凝聚态物理,材料科学,153,3.21
天津大学,9,电气与电子工程,原子与分子物理学、光学,149,3.13
天津大学,10,计算机科学应用,控制与系统工程,148,3.11
天津大学,11,电气与电子工程,能源工程与电力技术,144,3.02
天津大学,12,原子与分子物理学、光学,电子、光学和磁性材料,133,2.79
天津大学,13,电气与电子工程,控制与系统工程,129,2.71
天津大学,14,凝聚态物理,机械工程,123,2.58
天津大学,15,凝聚态物理,材料力学,110,2.31
天津大学,16,软件,控制与系统工程,107,2.25
天津大学,17,软件,计算机科学应用,105,2.20
天津大学,18,建造与施工,土木与结构工程,100,2.10
天津大学,19,电气与电子工程,计算机科学应用,97,2.04
天津大学,20,能源工程与电力技术,燃料技术,96,2.01
哈尔滨工程大学,1,机械工程,材料力学,110,5.90
哈尔滨工程大学,2,机械工程,航空航天工程,106,5.69
哈尔滨工程大学,3,机械工程,控制与系统工程,103,5.53
哈尔滨工程大学,4,机械工程,核能与工程,98,5.26
哈尔滨工程大学,5,航空航天工程,控制与系统工程,94,5.04
哈尔滨工程大学,6,仪器仪表,海洋学,93,4.99
哈尔滨工程大学,7,核能与工程,航空航天工程,92,4.94
哈尔滨工程大学,8,核能与工程,化学工程,91,4.88
哈尔滨工程大学,9,航空航天工程,化学工程,91,4.88
哈尔滨工程大学,10,机械工程,化学工程,91,4.88
哈尔滨工程大学,11,化学工程,控制与系统工程,89,4.77
哈尔滨工程大学,12,核能与工程,控制与系统工程,88,4.72
哈尔滨工程大学,13,电气与电子工程,原子与分子物理学、光学,84,4.51
哈尔滨工程大学,14,机械工程,海洋工程,83,4.45
哈尔滨工程大学,15,仪器仪表,声学和超声学,82,4.40
哈尔滨工程大学,16,海洋学,声学和超声学,82,4.40
哈尔滨工程大学,17,计算机科学应用,控制与系统工程,75,4.02
哈尔滨工程大学,18,人工智能,计算机科学应用,72,3.86
哈尔滨工程大学,19,软件,计算机科学应用,68,3.65
哈尔滨工程大学,20,电气与电子工程,控制与系统工程,65,3.49
衡水学院,1,电气与电子工程,原子与分子物理学、光学,2,15.38
衡水学院,2,电气与电子工程,电子、光学和磁性材料,2,15.38
衡水学院,3,原子与分子物理学、光学,电子、光学和磁性材料,2,15.38
衡水学院,4,信息系统与管理,商业与国际管理,1,7.69
衡水学院,5,分析化学,无机化学,1,7.69
衡水学院,6,电气与电子工程,媒体技术,1,7.69
衡水学院,7,分析化学,有机化学,1,7.69
衡水学院,8,分析化学,光谱学,1,7.69
衡水学院,9,无机化学,有机化学,1,7.69
衡水学院,10,战略与管理,信息系统与管理,1,7.69
衡水学院,11,无机化学,物理与理论化学,1,7.69
衡水学院,12,无机化学,光谱学,1,7.69
衡水学院,13,电气与电子工程,计算机视觉与模式识别,1,7.69
衡水学院,14,有机化学,光谱学,1,7.69
衡水学院,15,财务,商业与国际管理,1,7.69
衡水学院,16,电气与电子工程,信号处理,1,7.69
衡水学院,17,陶瓷和复合材料,材料化学,1,7.69
衡水学院,18,媒体技术,计算机视觉与模式识别,1,7.69
衡水学院,19,战略与管理,财务,1,7.69
衡水学院,20,媒体技术,信号处理,1,7.69
黑龙江科技大学,1,机械工程,材料力学,5,7.14
黑龙江科技大学,2,材料化学,金属与合金,5,7.14
黑龙江科技大学,3,电气与电子工程,能源工程与电力技术,5,7.14
黑龙江科技大学,4,化学,化学工程,4,5.71
黑龙江科技大学,5,电气与电子工程,控制与系统工程,4,5.71
黑龙江科技大学,6,计算机科学应用,控制与系统工程,4,5.71
黑龙江科技大学,7,计算机网络与通信,计算机科学应用,4,5.71
黑龙江科技大学,8,岩土工程和工程地质学,能源工程与电力技术,4,5.71
黑龙江科技大学,9,电气与电子工程,原子与分子物理学、光学,4,5.71
黑龙江科技大学,10,地质,土木与结构工程,3,4.29
黑龙江科技大学,11,岩土工程和工程地质学,土木与结构工程,3,4.29
黑龙江科技大学,12,电气与电子工程,岩土工程和工程地质学,3,4.29
黑龙江科技大学,13,机械工程,岩土工程和工程地质学,3,4.29
黑龙江科技大学,14,电气与电子工程,机械工程,3,4.29
黑龙江科技大学,15,仪器仪表,原子与分子物理学、光学,3,4.29
黑龙江科技大学,16,仪器仪表,辐射,3,4.29
黑龙江科技大学,17,原子与分子物理学、光学,辐射,3,4.29
黑龙江科技大学,18,人工智能,计算机科学应用,3,4.29
黑龙江科技大学,19,化学,凝聚态物理,3,4.29
黑龙江科技大学,20,电气与电子工程,电子、光学和磁性材料,3,4.29
南华大学,1,电气与电子工程,仪器仪表,20,5.83
南华大学,2,核与高能物理,辐射,19,5.54
南华大学,3,仪器仪表,核与高能物理,18,5.25
南华大学,4,肿瘤,癌症研究,18,5.25
南华大学,5,仪器仪表,辐射,17,4.96
南华大学,6,电气与电子工程,核与高能物理,17,4.96
南华大学,7,电气与电子工程,辐射,17,4.96
南华大学,8,健康，毒理学和变异,污染,17,4.96
南华大学,9,分析化学,光谱学,16,4.66
南华大学,10,生物化学,生物物理学,15,4.37
南华大学,11,健康，毒理学和变异,公共卫生、环境与职业健康,14,4.08
南华大学,12,公共卫生、环境与职业健康,污染,14,4.08
南华大学,13,分析化学,公共卫生、环境与职业健康,13,3.79
南华大学,14,分子生物学,生物化学,13,3.79
南华大学,15,分析化学,健康，毒理学和变异,13,3.79
南华大学,16,分析化学,污染,13,3.79
南华大学,17,健康，毒理学和变异,放射核医学与成像,13,3.79
南华大学,18,分析化学,放射核医学与成像,12,3.50
南华大学,19,公共卫生、环境与职业健康,光谱学,12,3.50
南华大学,20,放射核医学与成像,光谱学,12,3.50
苏州大学,1,凝聚态物理,电子、光学和磁性材料,136,4.78
苏州大学,2,电气与电子工程,电子、光学和磁性材料,115,4.04
苏州大学,3,化学,化学工程,98,3.44
苏州大学,4,机械工程,材料力学,97,3.41
苏州大学,5,肿瘤,癌症研究,94,3.30
苏州大学,6,凝聚态物理,电气与电子工程,92,3.23
苏州大学,7,凝聚态物理,材料科学,80,2.81
苏州大学,8,生物化学、遗传学和分子生物学,医学,79,2.78
苏州大学,9,化学,材料科学,77,2.71
苏州大学,10,机械工程,材料科学,76,2.67
苏州大学,11,化学,材料化学,73,2.57
苏州大学,12,材料力学,材料科学,71,2.49
苏州大学,13,电气与电子工程,计算机科学应用,71,2.49
苏州大学,14,分子生物学,生物化学,66,2.32
苏州大学,15,有机化学,生物化学,65,2.28
苏州大学,16,计算机科学应用,应用数学,64,2.25
苏州大学,17,电气与电子工程,应用数学,60,2.11
苏州大学,18,化学,凝聚态物理,57,2.00
苏州大学,19,凝聚态物理,应用数学,57,2.00
苏州大学,20,电子、光学和磁性材料,计算机科学应用,55,1.93
上海电力学院,1,电气与电子工程,能源工程与电力技术,58,18.89
上海电力学院,2,电气与电子工程,控制与系统工程,44,14.33
上海电力学院,3,化学,化学工程,24,7.82
上海电力学院,4,能源工程与电力技术,控制与系统工程,22,7.17
上海电力学院,5,计算机科学应用,控制与系统工程,20,6.51
上海电力学院,6,化学,材料科学,14,4.56
上海电力学院,7,电气与电子工程,控制与优化,14,4.56
上海电力学院,8,电气与电子工程,机械工程,13,4.23
上海电力学院,9,电气与电子工程,计算机科学应用,13,4.23
上海电力学院,10,电气与电子工程,工业与制造工程,12,3.91
上海电力学院,11,计算机网络与通信,信息系统,12,3.91
上海电力学院,12,凝聚态物理,材料科学,12,3.91
上海电力学院,13,能源工程与电力技术,计算机科学应用,11,3.58
上海电力学院,14,能源工程与电力技术,可再生能源，可持续性和环境,10,3.26
上海电力学院,15,凝聚态物理,机械工程,10,3.26
上海电力学院,16,工业与制造工程,控制与优化,10,3.26
上海电力学院,17,机械工程,能源工程与电力技术,10,3.26
上海电力学院,18,机械工程,材料科学,9,2.93
上海电力学院,19,凝聚态物理,电气与电子工程,9,2.93
上海电力学院,20,材料科学,化学工程,9,2.93
中国人民大学,1,经济学和计量经济学,财务,25,4.14
中国人民大学,2,凝聚态物理,电子、光学和磁性材料,24,3.97
中国人民大学,3,计算机科学,理论计算机科学,23,3.81
中国人民大学,4,软件,计算机网络与通信,16,2.65
中国人民大学,5,人工智能,计算机网络与通信,15,2.48
中国人民大学,6,软件,硬件和体系结构,15,2.48
中国人民大学,7,计算机网络与通信,信息系统与管理,15,2.48
中国人民大学,8,计算机网络与通信,硬件和体系结构,14,2.32
中国人民大学,9,统计与概率,统计、概率和不确定性,13,2.15
中国人民大学,10,人工智能,信息系统与管理,13,2.15
中国人民大学,11,凝聚态物理,材料科学,13,2.15
中国人民大学,12,计算机网络与通信,控制与系统工程,13,2.15
中国人民大学,13,人工智能,控制与系统工程,12,1.99
中国人民大学,14,化学,化学工程,11,1.82
中国人民大学,15,能源工程与电力技术,控制与系统工程,10,1.66
中国人民大学,16,计算理论与数学,信息系统,10,1.66
中国人民大学,17,计算机科学应用,信息系统,10,1.66
中国人民大学,18,软件,计算机图形学与计算机辅助设计,10,1.66
中国人民大学,19,软件,人机交互,10,1.66
中国人民大学,20,人工智能,能源工程与电力技术,10,1.66
上海外国语大学,1,语言与语言学,语言学与语言,4,15.38
上海外国语大学,2,生理学（医学）,神经心理学、生理心理学,2,7.69
上海外国语大学,3,社会学与政治学,政治学与国际关系,2,7.69
上海外国语大学,4,心理学,实验与认知心理学,1,3.85
上海外国语大学,5,心理学,神经心理学、生理心理学,1,3.85
上海外国语大学,6,发展与教育心理学,实验与认知心理学,1,3.85
上海外国语大学,7,实验与认知心理学,神经心理学、生理心理学,1,3.85
上海外国语大学,8,经济地质学,控制与系统工程,1,3.85
上海外国语大学,9,语言与语言学,教育学,1,3.85
上海外国语大学,10,经济地质学,计算机科学应用,1,3.85
上海外国语大学,11,艺术与人文（其它）,语言学与语言,1,3.85
上海外国语大学,12,神经科学,生理学（医学）,1,3.85
上海外国语大学,13,心理学,生理学,1,3.85
上海外国语大学,14,经济地质学,建模与仿真,1,3.85
上海外国语大学,15,语言与语言学,通信,1,3.85
上海外国语大学,16,艺术与人文（其它）,人口统计学,1,3.85
上海外国语大学,17,生理学,实验与认知心理学,1,3.85
上海外国语大学,18,生理学,神经心理学、生理心理学,1,3.85
上海外国语大学,19,心理学,生理学（医学）,1,3.85
上海外国语大学,20,生理学（医学）,实验与认知心理学,1,3.85
西安交通大学,1,电气与电子工程,能源工程与电力技术,304,6.27
西安交通大学,2,机械工程,材料力学,275,5.68
西安交通大学,3,凝聚态物理,机械工程,237,4.89
西安交通大学,4,机械工程,材料科学,210,4.33
西安交通大学,5,电气与电子工程,电子、光学和磁性材料,192,3.96
西安交通大学,6,凝聚态物理,材料科学,177,3.65
西安交通大学,7,电气与电子工程,控制与系统工程,141,2.91
西安交通大学,8,化学,化学工程,141,2.91
西安交通大学,9,材料力学,材料科学,131,2.70
西安交通大学,10,凝聚态物理,电子、光学和磁性材料,131,2.70
西安交通大学,11,凝聚态物理,材料力学,124,2.56
西安交通大学,12,凝聚态物理,电气与电子工程,113,2.33
西安交通大学,13,能源工程与电力技术,可再生能源，可持续性和环境,110,2.27
西安交通大学,14,计算机科学应用,控制与系统工程,107,2.21
西安交通大学,15,电气与电子工程,计算机科学应用,106,2.19
西安交通大学,16,医学,临床生物化学,103,2.13
西安交通大学,17,肿瘤,癌症研究,96,1.98
西安交通大学,18,能源工程与电力技术,燃料技术,91,1.88
西安交通大学,19,电气与电子工程,机械工程,88,1.82
西安交通大学,20,能源工程与电力技术,控制与系统工程,86,1.78
华北电力大学,1,电气与电子工程,能源工程与电力技术,429,19.42
华北电力大学,2,电气与电子工程,控制与系统工程,238,10.77
华北电力大学,3,能源工程与电力技术,控制与系统工程,163,7.38
华北电力大学,4,电气与电子工程,机械工程,119,5.39
华北电力大学,5,能源工程与电力技术,可再生能源，可持续性和环境,118,5.34
华北电力大学,6,机械工程,能源工程与电力技术,115,5.21
华北电力大学,7,计算机科学应用,控制与系统工程,111,5.02
华北电力大学,8,电气与电子工程,计算机科学应用,108,4.89
华北电力大学,9,能源工程与电力技术,计算机科学应用,67,3.03
华北电力大学,10,电气与电子工程,电子、光学和磁性材料,62,2.81
华北电力大学,11,能源工程与电力技术,燃料技术,57,2.58
华北电力大学,12,凝聚态物理,电气与电子工程,50,2.26
华北电力大学,13,凝聚态物理,机械工程,49,2.22
华北电力大学,14,机械工程,材料力学,47,2.13
华北电力大学,15,建模与仿真,计算机科学应用,44,1.99
华北电力大学,16,战略与管理,可再生能源，可持续性和环境,42,1.90
华北电力大学,17,凝聚态物理,电子、光学和磁性材料,42,1.90
华北电力大学,18,化学,材料科学,41,1.86
华北电力大学,19,凝聚态物理,材料科学,39,1.77
华北电力大学,20,原子与分子物理学、光学,电子、光学和磁性材料,39,1.77
山西医科大学,1,肿瘤,癌症研究,47,16.85
山西医科大学,2,分子生物学,生物化学,14,5.02
山西医科大学,3,分子医学,癌症研究,11,3.94
山西医科大学,4,分子生物学,遗传学,11,3.94
山西医科大学,5,分子医学,生物化学,10,3.58
山西医科大学,6,分子生物学,分子医学,10,3.58
山西医科大学,7,生物化学、遗传学和分子生物学,医学,10,3.58
山西医科大学,8,癌症研究,遗传学,9,3.23
山西医科大学,9,分子生物学,癌症研究,9,3.23
山西医科大学,10,分子医学,遗传学,9,3.23
山西医科大学,11,生物化学,癌症研究,8,2.87
山西医科大学,12,生物化学,遗传学,8,2.87
山西医科大学,13,生物化学,肿瘤,8,2.87
山西医科大学,14,肿瘤,遗传学,8,2.87
山西医科大学,15,分子生物学,肿瘤,8,2.87
山西医科大学,16,分子医学,肿瘤,8,2.87
山西医科大学,17,有机化学,催化,7,2.51
山西医科大学,18,癌症研究,医学,7,2.51
山西医科大学,19,无机化学,催化,6,2.15
山西医科大学,20,物理与理论化学,催化,6,2.15
武汉大学,1,机械工程,材料力学,286,3.81
武汉大学,2,电气与电子工程,能源工程与电力技术,187,2.49
武汉大学,3,电气与电子工程,机械工程,180,2.39
武汉大学,4,材料力学,材料科学,161,2.14
武汉大学,5,地球表面过程,计算机科学（其它）,160,2.13
武汉大学,6,机械工程,材料科学,159,2.12
武汉大学,7,计算机科学应用,控制与系统工程,159,2.12
武汉大学,8,电气与电子工程,电子、光学和磁性材料,157,2.09
武汉大学,9,材料化学,金属与合金,148,1.97
武汉大学,10,陶瓷和复合材料,材料化学,147,1.96
武汉大学,11,凝聚态物理,材料科学,143,1.90
武汉大学,12,凝聚态物理,电子、光学和磁性材料,142,1.89
武汉大学,13,化学,化学工程,139,1.85
武汉大学,14,电气与电子工程,控制与系统工程,136,1.81
武汉大学,15,化学,材料科学,135,1.80
武汉大学,16,凝聚态物理,材料化学,131,1.74
武汉大学,17,电子、光学和磁性材料,材料化学,127,1.69
武汉大学,18,凝聚态物理,电气与电子工程,126,1.68
武汉大学,19,计算机科学,理论计算机科学,118,1.57
武汉大学,20,凝聚态物理,材料力学,118,1.57
中南财经政法大学,1,计算机网络与通信,信息系统,4,4.26
中南财经政法大学,2,环境化学,环境工程,3,3.19
中南财经政法大学,3,工程,市场学,3,3.19
中南财经政法大学,4,战略与管理,工程,3,3.19
中南财经政法大学,5,计算机科学应用,市场学,3,3.19
中南财经政法大学,6,战略与管理,计算机科学应用,3,3.19
中南财经政法大学,7,统计与概率,统计、概率和不确定性,3,3.19
中南财经政法大学,8,工程,计算机科学应用,3,3.19
中南财经政法大学,9,计算机网络与通信,计算机科学应用,3,3.19
中南财经政法大学,10,软件,人工智能,3,3.19
中南财经政法大学,11,软件,计算机网络与通信,3,3.19
中南财经政法大学,12,信息系统,信号处理,3,3.19
中南财经政法大学,13,软件,信息系统,3,3.19
中南财经政法大学,14,经济学、计量经济学和金融学,财务,3,3.19
中南财经政法大学,15,经济学和计量经济学,财务,3,3.19
中南财经政法大学,16,环境化学,环境科学,3,3.19
中南财经政法大学,17,环境工程,环境科学,3,3.19
中南财经政法大学,18,战略与管理,市场学,3,3.19
中南财经政法大学,19,健康，毒理学和变异,污染,2,2.13
中南财经政法大学,20,人工智能,工程,2,2.13
江南大学,1,化学,化学工程,169,8.66
江南大学,2,应用微生物学与生物技术,生物工艺学,133,6.81
江南大学,3,计算机科学应用,控制与系统工程,58,2.97
江南大学,4,生物工艺学,生物工程,57,2.92
江南大学,5,电气与电子工程,电子、光学和磁性材料,56,2.87
江南大学,6,建模与仿真,计算机科学应用,51,2.61
江南大学,7,食品科学,生物工艺学,50,2.56
江南大学,8,材料化学,聚合物和塑料,50,2.56
江南大学,9,凝聚态物理,电子、光学和磁性材料,49,2.51
江南大学,10,应用微生物学与生物技术,生物工程,48,2.46
江南大学,11,分子生物学,生物化学,42,2.15
江南大学,12,化学,食品科学,42,2.15
江南大学,13,凝聚态物理,电气与电子工程,41,2.10
江南大学,14,软件,人工智能,41,2.10
江南大学,15,电气与电子工程,控制与系统工程,40,2.05
江南大学,16,生物化学,生物工艺学,40,2.05
江南大学,17,人工智能,控制与系统工程,38,1.95
江南大学,18,食品科学,分析化学,37,1.90
江南大学,19,原子与分子物理学、光学,电子、光学和磁性材料,37,1.90
江南大学,20,环境工程,废物管理和处置,36,1.84
四川大学,1,化学,化学工程,306,5.53
四川大学,2,机械工程,材料力学,159,2.87
四川大学,3,分子生物学,医学,140,2.53
四川大学,4,生物化学、遗传学和分子生物学,医学,133,2.40
四川大学,5,电气与电子工程,电子、光学和磁性材料,132,2.39
四川大学,6,材料化学,聚合物和塑料,122,2.20
四川大学,7,电气与电子工程,能源工程与电力技术,120,2.17
四川大学,8,肿瘤,癌症研究,109,1.97
四川大学,9,凝聚态物理,材料科学,108,1.95
四川大学,10,凝聚态物理,电子、光学和磁性材料,100,1.81
四川大学,11,化学,材料化学,98,1.77
四川大学,12,材料力学,材料科学,95,1.72
四川大学,13,化学,材料科学,93,1.68
四川大学,14,机械工程,材料科学,93,1.68
四川大学,15,有机化学,聚合物和塑料,87,1.57
四川大学,16,原子与分子物理学、光学,电子、光学和磁性材料,87,1.57
四川大学,17,电气与电子工程,原子与分子物理学、光学,85,1.54
四川大学,18,有机化学,生物化学,84,1.52
四川大学,19,材料化学,金属与合金,83,1.50
四川大学,20,材料化学,表面，涂料和薄膜,83,1.50
大连海事大学,1,计算机科学应用,控制与系统工程,71,9.77
大连海事大学,2,海洋工程,工程（其它）,56,7.70
大连海事大学,3,建模与仿真,计算机科学应用,52,7.15
大连海事大学,4,建模与仿真,控制与系统工程,47,6.46
大连海事大学,5,人工智能,控制与系统工程,30,4.13
大连海事大学,6,控制与优化,控制与系统工程,28,3.85
大连海事大学,7,计算机网络与通信,控制与系统工程,28,3.85
大连海事大学,8,机械工程,材料力学,25,3.44
大连海事大学,9,电气与电子工程,电子、光学和磁性材料,25,3.44
大连海事大学,10,电气与电子工程,控制与系统工程,24,3.30
大连海事大学,11,凝聚态物理,材料科学,24,3.30
大连海事大学,12,人工智能,控制与优化,23,3.16
大连海事大学,13,计算机科学应用,应用数学,22,3.03
大连海事大学,14,人工智能,计算机科学应用,20,2.75
大连海事大学,15,计算机网络与通信,信号处理,20,2.75
大连海事大学,16,电气与电子工程,原子与分子物理学、光学,19,2.61
大连海事大学,17,计算机科学,控制与系统工程,19,2.61
大连海事大学,18,化学,材料科学,18,2.48
大连海事大学,19,建模与仿真,应用数学,18,2.48
大连海事大学,20,机械工程,材料科学,18,2.48
泉州师范学院,1,计算机科学,理论计算机科学,6,15.79
泉州师范学院,2,计算机科学应用,应用数学,4,10.53
泉州师范学院,3,电气与电子工程,电子、光学和磁性材料,4,10.53
泉州师范学院,4,凝聚态物理,电气与电子工程,3,7.89
泉州师范学院,5,凝聚态物理,计算机科学应用,3,7.89
泉州师范学院,6,电气与电子工程,计算机科学应用,3,7.89
泉州师范学院,7,凝聚态物理,应用数学,3,7.89
泉州师范学院,8,电气与电子工程,应用数学,3,7.89
泉州师范学院,9,凝聚态物理,电子、光学和磁性材料,3,7.89
泉州师范学院,10,电子、光学和磁性材料,计算机科学应用,3,7.89
泉州师范学院,11,电子、光学和磁性材料,应用数学,3,7.89
泉州师范学院,12,化学,化学工程,2,5.26
泉州师范学院,13,计算机网络与通信,硬件和体系结构,2,5.26
泉州师范学院,14,应用数学,计算数学,2,5.26
泉州师范学院,15,凝聚态物理,材料化学,2,5.26
泉州师范学院,16,环境化学,环境工程,1,2.63
泉州师范学院,17,文化保护,表面，涂料和薄膜,1,2.63
泉州师范学院,18,环境化学,健康，毒理学和变异,1,2.63
泉州师范学院,19,环境工程,健康，毒理学和变异,1,2.63
泉州师范学院,20,环境化学,污染,1,2.63
天水师范学院,1,代数与数论,分析,4,10.00
天水师范学院,2,凝聚态物理,材料力学,3,7.50
天水师范学院,3,凝聚态物理,辐射,3,7.50
天水师范学院,4,分析,应用数学,3,7.50
天水师范学院,5,凝聚态物理,电子、光学和磁性材料,3,7.50
天水师范学院,6,辐射,电子、光学和磁性材料,3,7.50
天水师范学院,7,凝聚态物理,机械工程,2,5.00
天水师范学院,8,电气与电子工程,原子与分子物理学、光学,2,5.00
天水师范学院,9,机械工程,材料力学,2,5.00
天水师范学院,10,计算机网络与通信,控制与系统工程,2,5.00
天水师范学院,11,应用数学,计算数学,2,5.00
天水师范学院,12,计算机科学,理论计算机科学,2,5.00
天水师范学院,13,凝聚态物理,材料科学,2,5.00
天水师范学院,14,机械工程,材料科学,2,5.00
天水师范学院,15,材料力学,材料科学,2,5.00
天水师范学院,16,工程,null,1,2.50
天水师范学院,17,化学,材料科学,1,2.50
天水师范学院,18,电化学,材料科学,1,2.50
天水师范学院,19,无机化学,物理与理论化学,1,2.50
天水师范学院,20,无机化学,材料化学,1,2.50
扬州大学,1,化学,化学工程,41,3.99
扬州大学,2,植物科学,农作物科学,38,3.70
扬州大学,3,分子生物学,遗传学,30,2.92
扬州大学,4,机械工程,材料力学,26,2.53
扬州大学,5,肿瘤,癌症研究,26,2.53
扬州大学,6,凝聚态物理,材料科学,25,2.43
扬州大学,7,生物化学、遗传学和分子生物学,医学,25,2.43
扬州大学,8,分子生物学,生物化学,23,2.24
扬州大学,9,生物化学、遗传学和分子生物学,农业和生物科学,22,2.14
扬州大学,10,食品科学,动物科学与动物学,21,2.04
扬州大学,11,可食用动物,动物科学与动物学,20,1.95
扬州大学,12,机械工程,材料科学,19,1.85
扬州大学,13,计算机网络与通信,信号处理,19,1.85
扬州大学,14,医学,农业和生物科学,19,1.85
扬州大学,15,材料力学,材料科学,17,1.66
扬州大学,16,食品科学,农作物科学,16,1.56
扬州大学,17,植物科学,生态学,15,1.46
扬州大学,18,农作物科学,动物科学与动物学,14,1.36
扬州大学,19,凝聚态物理,材料力学,14,1.36
扬州大学,20,应用微生物学与生物技术,生物工艺学,14,1.36
南昌工程学院,1,计算机科学,理论计算机科学,6,9.23
南昌工程学院,2,建模与仿真,计算机科学应用,5,7.69
南昌工程学院,3,化学,材料科学,4,6.15
南昌工程学院,4,电气与电子工程,计算机科学,4,6.15
南昌工程学院,5,材料科学,工程,4,6.15
南昌工程学院,6,化学,工程,4,6.15
南昌工程学院,7,软件,建模与仿真,4,6.15
南昌工程学院,8,人工智能,计算机科学应用,3,4.62
南昌工程学院,9,计算机网络与通信,信号处理,3,4.62
南昌工程学院,10,计算机科学应用,信号处理,3,4.62
南昌工程学院,11,原子与分子物理学、光学,电子、光学和磁性材料,3,4.62
南昌工程学院,12,工程,计算力学,2,3.08
南昌工程学院,13,工程,计算机科学应用,2,3.08
南昌工程学院,14,人工智能,控制与系统工程,2,3.08
南昌工程学院,15,机械工程,材料力学,2,3.08
南昌工程学院,16,工程,信号处理,2,3.08
南昌工程学院,17,计算机网络与通信,控制与系统工程,2,3.08
南昌工程学院,18,计算机科学应用,计算力学,2,3.08
南昌工程学院,19,计算机视觉与模式识别,控制与系统工程,2,3.08
南昌工程学院,20,信息系统,控制与系统工程,2,3.08
青海师范大学,1,环境化学,环境工程,3,9.38
青海师范大学,2,仪器仪表,控制与系统工程,3,9.38
青海师范大学,3,化学,化学工程,2,6.25
青海师范大学,4,计算机网络与通信,信息系统与管理,2,6.25
青海师范大学,5,计算机科学应用,信息系统与管理,2,6.25
青海师范大学,6,信息系统与管理,信息系统,2,6.25
青海师范大学,7,电气与电子工程,控制与系统工程,2,6.25
青海师范大学,8,电气与电子工程,仪器仪表,2,6.25
青海师范大学,9,原子与分子物理学、光学,辐射,2,6.25
青海师范大学,10,计算机网络与通信,计算机科学应用,2,6.25
青海师范大学,11,计算机网络与通信,信息系统,2,6.25
青海师范大学,12,计算机科学应用,信息系统,2,6.25
青海师范大学,13,原子与分子物理学、光学,光谱学,2,6.25
青海师范大学,14,辐射,光谱学,2,6.25
青海师范大学,15,机械工程,农业和生物科学,2,6.25
青海师范大学,16,环境化学,环境科学,2,6.25
青海师范大学,17,环境工程,环境科学,2,6.25
青海师范大学,18,水科学与技术,环境科学（其它）,1,3.13
青海师范大学,19,环境化学,污染,1,3.13
青海师范大学,20,环境工程,污染,1,3.13
浙江工商大学,1,环境化学,环境工程,18,5.42
浙江工商大学,2,环境化学,污染,13,3.92
浙江工商大学,3,电气与电子工程,控制与系统工程,12,3.61
浙江工商大学,4,化学,化学工程,9,2.71
浙江工商大学,5,软件,计算机网络与通信,9,2.71
浙江工商大学,6,环境化学,环境科学,9,2.71
浙江工商大学,7,环境工程,环境科学,9,2.71
浙江工商大学,8,环境工程,污染,9,2.71
浙江工商大学,9,环境工程,废物管理和处置,9,2.71
浙江工商大学,10,分析化学,食品科学,9,2.71
浙江工商大学,11,计算机科学应用,控制与系统工程,9,2.71
浙江工商大学,12,分析化学,医学,8,2.41
浙江工商大学,13,软件,硬件和体系结构,8,2.41
浙江工商大学,14,污染,废物管理和处置,8,2.41
浙江工商大学,15,应用微生物学与生物技术,生物工艺学,8,2.41
浙江工商大学,16,食品科学,医学,8,2.41
浙江工商大学,17,食品科学,安全、风险、可靠性和质量,7,2.11
浙江工商大学,18,计算机网络与通信,硬件和体系结构,7,2.11
浙江工商大学,19,软件,计算机科学应用,7,2.11
浙江工商大学,20,环境化学,健康，毒理学和变异,7,2.11
吉林大学,1,化学,化学工程,199,4.06
吉林大学,2,电气与电子工程,电子、光学和磁性材料,177,3.61
吉林大学,3,肿瘤,癌症研究,148,3.02
吉林大学,4,凝聚态物理,电子、光学和磁性材料,146,2.98
吉林大学,5,凝聚态物理,材料科学,143,2.92
吉林大学,6,材料化学,金属与合金,134,2.74
吉林大学,7,凝聚态物理,电气与电子工程,132,2.69
吉林大学,8,机械工程,材料力学,126,2.57
吉林大学,9,电子、光学和磁性材料,表面，涂料和薄膜,126,2.57
吉林大学,10,化学,材料科学,123,2.51
吉林大学,11,生物化学、遗传学和分子生物学,医学,123,2.51
吉林大学,12,电子、光学和磁性材料,材料化学,122,2.49
吉林大学,13,凝聚态物理,材料化学,118,2.41
吉林大学,14,化学,材料化学,108,2.20
吉林大学,15,化学,凝聚态物理,103,2.10
吉林大学,16,原子与分子物理学、光学,电子、光学和磁性材料,100,2.04
吉林大学,17,电气与电子工程,原子与分子物理学、光学,95,1.94
吉林大学,18,材料化学,表面，涂料和薄膜,93,1.90
吉林大学,19,材料力学,材料科学,88,1.80
吉林大学,20,分子生物学,遗传学,88,1.80
成都学院,1,药理学（医学）,补充和替代医学,33,3.58
成都学院,2,地质,岩土工程和工程地质学,32,3.47
成都学院,3,药理学（医学）,制药科学,31,3.37
成都学院,4,补充和替代医学,药物发现,30,3.26
成都学院,5,药物发现,制药科学,30,3.26
成都学院,6,电气与电子工程,仪器仪表,29,3.15
成都学院,7,凝聚态物理,材料科学,29,3.15
成都学院,8,电气与电子工程,电子、光学和磁性材料,28,3.04
成都学院,9,凝聚态物理,电气与电子工程,28,3.04
成都学院,10,补充和替代医学,制药科学,28,3.04
成都学院,11,核与高能物理,辐射,25,2.71
成都学院,12,化学,化学工程,24,2.61
成都学院,13,药理学（医学）,药物发现,24,2.61
成都学院,14,化学,材料科学,23,2.50
成都学院,15,仪器仪表,辐射,23,2.50
成都学院,16,电气与电子工程,辐射,23,2.50
成都学院,17,岩土工程和工程地质学,土木与结构工程,22,2.39
成都学院,18,仪器仪表,核与高能物理,21,2.28
成都学院,19,电气与电子工程,核与高能物理,21,2.28
成都学院,20,岩土工程和工程地质学,能源工程与电力技术,21,2.28
西南财经大学,1,经济学和计量经济学,财务,19,8.52
西南财经大学,2,统计与概率,统计、概率和不确定性,12,5.38
西南财经大学,3,经济学和计量经济学,商业、管理和会计（所有）,12,5.38
西南财经大学,4,艺术与人文（其它）,商业、管理和会计（所有）,9,4.04
西南财经大学,5,艺术与人文（其它）,商业与国际管理,9,4.04
西南财经大学,6,商业、管理和会计（所有）,法学,9,4.04
西南财经大学,7,商业与国际管理,法学,9,4.04
西南财经大学,8,艺术与人文（其它）,经济学和计量经济学,9,4.04
西南财经大学,9,经济学和计量经济学,法学,9,4.04
西南财经大学,10,商业、管理和会计（所有）,商业与国际管理,9,4.04
西南财经大学,11,战略与管理,商业与国际管理,9,4.04
西南财经大学,12,经济学和计量经济学,商业与国际管理,9,4.04
西南财经大学,13,艺术与人文（其它）,法学,9,4.04
西南财经大学,14,战略与管理,管理科学与运筹学,8,3.59
西南财经大学,15,经济学、计量经济学和金融学,财务,7,3.14
西南财经大学,16,经济学和计量经济学,能源（所有）,6,2.69
西南财经大学,17,代数与数论,分析,6,2.69
西南财经大学,18,分析,应用数学,6,2.69
西南财经大学,19,工业与制造工程,管理科学与运筹学,6,2.69
西南财经大学,20,应用数学,计算数学,5,2.24
北京师范大学,1,环境化学,污染,82,4.23
北京师范大学,2,环境化学,环境工程,61,3.15
北京师范大学,3,健康，毒理学和变异,污染,51,2.63
北京师范大学,4,生态学、进化、行为及分类,生态学,43,2.22
北京师范大学,5,地球表面过程,水科学与技术,42,2.17
北京师范大学,6,环境工程,废物管理和处置,42,2.17
北京师范大学,7,污染,废物管理和处置,41,2.11
北京师范大学,8,环境化学,环境科学,37,1.91
北京师范大学,9,环境工程,污染,37,1.91
北京师范大学,10,环境化学,废物管理和处置,37,1.91
北京师范大学,11,土壤学,水科学与技术,36,1.86
北京师范大学,12,地球表面过程,土壤学,35,1.81
北京师范大学,13,环境化学,水科学与技术,34,1.75
北京师范大学,14,污染,水科学与技术,34,1.75
北京师范大学,15,凝聚态物理,电子、光学和磁性材料,33,1.70
北京师范大学,16,计算机科学应用,地球与行星科学,29,1.50
北京师范大学,17,环境工程,管理、监督、政策与Law,28,1.44
北京师范大学,18,管理、监督、政策与Law,自然与景观保护,28,1.44
北京师范大学,19,管理、监督、政策与Law,地理、规划与发展,28,1.44
北京师范大学,20,分析,应用数学,27,1.39
兰州大学,1,机械工程,材料力学,141,5.76
兰州大学,2,材料化学,金属与合金,98,4.01
兰州大学,3,化学,化学工程,90,3.68
兰州大学,4,凝聚态物理,电子、光学和磁性材料,82,3.35
兰州大学,5,凝聚态物理,材料科学,77,3.15
兰州大学,6,有机化学,生物化学,71,2.90
兰州大学,7,电子、光学和磁性材料,材料化学,68,2.78
兰州大学,8,凝聚态物理,材料化学,67,2.74
兰州大学,9,电气与电子工程,电子、光学和磁性材料,61,2.49
兰州大学,10,材料力学,材料科学,60,2.45
兰州大学,11,植物科学,农作物科学,57,2.33
兰州大学,12,机械工程,材料科学,57,2.33
兰州大学,13,电子、光学和磁性材料,表面，涂料和薄膜,57,2.33
兰州大学,14,化学,材料化学,56,2.29
兰州大学,15,有机化学,物理与理论化学,52,2.13
兰州大学,16,凝聚态物理,材料力学,52,2.13
兰州大学,17,化学,材料科学,51,2.09
兰州大学,18,凝聚态物理,机械工程,51,2.09
兰州大学,19,物理与理论化学,生物化学,49,2.00
兰州大学,20,凝聚态物理,电气与电子工程,49,2.00
山东大学,1,机械工程,材料力学,256,4.00
山东大学,2,化学,化学工程,246,3.85
山东大学,3,凝聚态物理,材料科学,190,2.97
山东大学,4,肿瘤,癌症研究,190,2.97
山东大学,5,机械工程,材料科学,184,2.88
山东大学,6,生物化学、遗传学和分子生物学,医学,184,2.88
山东大学,7,材料力学,材料科学,175,2.74
山东大学,8,电气与电子工程,能源工程与电力技术,173,2.71
山东大学,9,计算机科学应用,控制与系统工程,166,2.60
山东大学,10,电气与电子工程,控制与系统工程,148,2.31
山东大学,11,凝聚态物理,机械工程,123,1.92
山东大学,12,电气与电子工程,电子、光学和磁性材料,121,1.89
山东大学,13,分子生物学,生物化学,119,1.86
山东大学,14,凝聚态物理,材料力学,117,1.83
山东大学,15,原子与分子物理学、光学,电子、光学和磁性材料,106,1.66
山东大学,16,电子、光学和磁性材料,材料化学,105,1.64
山东大学,17,凝聚态物理,材料化学,101,1.58
山东大学,18,凝聚态物理,电子、光学和磁性材料,98,1.53
山东大学,19,分子生物学,遗传学,97,1.52
山东大学,20,电子、光学和磁性材料,表面，涂料和薄膜,94,1.47
上海财经大学,1,经济学和计量经济学,财务,11,7.69
上海财经大学,2,统计与概率,统计、概率和不确定性,8,5.59
上海财经大学,3,计算机科学应用,控制与系统工程,5,3.50
上海财经大学,4,统计与概率,应用数学,4,2.80
上海财经大学,5,计算机科学应用,应用数学,4,2.80
上海财经大学,6,战略与管理,商业与国际管理,4,2.80
上海财经大学,7,财务,会计,4,2.80
上海财经大学,8,人工智能,计算机科学应用,4,2.80
上海财经大学,9,应用数学,控制与优化,3,2.10
上海财经大学,10,建模与仿真,应用数学,3,2.10
上海财经大学,11,软件,应用数学,3,2.10
上海财经大学,12,战略与管理,技术管理与创新,3,2.10
上海财经大学,13,管理科学与运筹学,应用数学,3,2.10
上海财经大学,14,经济学和计量经济学,商业与国际管理,3,2.10
上海财经大学,15,软件,工业与制造工程,3,2.10
上海财经大学,16,计算机网络与通信,计算机科学应用,3,2.10
上海财经大学,17,工业与制造工程,管理科学与运筹学,3,2.10
上海财经大学,18,经济学和计量经济学,应用数学,3,2.10
上海财经大学,19,化学,材料科学,2,1.40
上海财经大学,20,经济学和计量经济学,能源（所有）,2,1.40
湖北经济学院,1,凝聚态物理,电气与电子工程,3,13.64
湖北经济学院,2,化学,材料科学,3,13.64
湖北经济学院,3,凝聚态物理,计算数学,3,13.64
湖北经济学院,4,电气与电子工程,计算数学,3,13.64
湖北经济学院,5,建模与仿真,控制与系统工程,3,13.64
湖北经济学院,6,化学,凝聚态物理,3,13.64
湖北经济学院,7,化学,电气与电子工程,3,13.64
湖北经济学院,8,凝聚态物理,材料科学,3,13.64
湖北经济学院,9,电气与电子工程,材料科学,3,13.64
湖北经济学院,10,化学,计算数学,3,13.64
湖北经济学院,11,材料科学,计算数学,3,13.64
湖北经济学院,12,计算机科学应用,控制与系统工程,2,9.09
湖北经济学院,13,战略与管理,财务,2,9.09
湖北经济学院,14,地球表面过程,计算机科学（其它）,2,9.09
湖北经济学院,15,建模与仿真,计算机科学应用,2,9.09
湖北经济学院,16,电气与电子工程,安全、风险、可靠性和质量,1,4.55
湖北经济学院,17,信息系统与管理,商业与国际管理,1,4.55
湖北经济学院,18,计算机图形学与计算机辅助设计,控制与系统工程,1,4.55
湖北经济学院,19,计算机网络与通信,控制与系统工程,1,4.55
湖北经济学院,20,电气与电子工程,计算机网络与通信,1,4.55
辽东学院,1,工业与制造工程,聚合物和塑料,4,15.38
辽东学院,2,凝聚态物理,材料科学,3,11.54
辽东学院,3,化学,材料科学,2,7.69
辽东学院,4,材料科学,无机化学,2,7.69
辽东学院,5,计算机科学应用,控制与系统工程,2,7.69
辽东学院,6,应用数学,控制与系统工程,2,7.69
辽东学院,7,生态学、进化、行为及分类,生态学,2,7.69
辽东学院,8,材料科学（其它）,聚合物和塑料,2,7.69
辽东学院,9,建模与仿真,控制与系统工程,2,7.69
辽东学院,10,计算机科学应用,应用数学,2,7.69
辽东学院,11,建模与仿真,计算机科学应用,2,7.69
辽东学院,12,建模与仿真,应用数学,2,7.69
辽东学院,13,材料科学（其它）,化学工程（其它）,2,7.69
辽东学院,14,凝聚态物理,无机化学,2,7.69
辽东学院,15,工业与制造工程,材料科学（其它）,2,7.69
辽东学院,16,聚合物和塑料,化学工程（其它）,2,7.69
辽东学院,17,工业与制造工程,化学工程（其它）,2,7.69
辽东学院,18,环境化学,健康，毒理学和变异,1,3.85
辽东学院,19,肿瘤,癌症研究,1,3.85
辽东学院,20,环境化学,污染,1,3.85
青岛科技大学,1,化学,化学工程,56,11.16
青岛科技大学,2,机械工程,材料力学,24,4.78
青岛科技大学,3,凝聚态物理,材料化学,24,4.78
青岛科技大学,4,材料化学,聚合物和塑料,24,4.78
青岛科技大学,5,机械工程,材料科学,20,3.98
青岛科技大学,6,人工智能,控制与系统工程,20,3.98
青岛科技大学,7,控制与优化,控制与系统工程,19,3.78
青岛科技大学,8,化学,材料科学,18,3.59
青岛科技大学,9,化学,材料化学,18,3.59
青岛科技大学,10,人工智能,控制与优化,18,3.59
青岛科技大学,11,有机化学,聚合物和塑料,17,3.39
青岛科技大学,12,决策科学（其它）,控制与优化,17,3.39
青岛科技大学,13,统计、概率和不确定性,控制与优化,17,3.39
青岛科技大学,14,人工智能,决策科学（其它）,17,3.39
青岛科技大学,15,人工智能,统计、概率和不确定性,17,3.39
青岛科技大学,16,决策科学（其它）,统计、概率和不确定性,17,3.39
青岛科技大学,17,计算机科学应用,控制与系统工程,17,3.39
青岛科技大学,18,决策科学（其它）,控制与系统工程,17,3.39
青岛科技大学,19,统计、概率和不确定性,控制与系统工程,17,3.39
青岛科技大学,20,材料力学,材料科学,16,3.19
陕西理工大学,1,凝聚态物理,物理与理论化学,7,9.21
陕西理工大学,2,化学,化学工程,5,6.58
陕西理工大学,3,机械工程,材料力学,5,6.58
陕西理工大学,4,凝聚态物理,原子与分子物理学、光学,4,5.26
陕西理工大学,5,凝聚态物理,材料力学,4,5.26
陕西理工大学,6,凝聚态物理,化学,3,3.95
陕西理工大学,7,原子与分子物理学、光学,物理与理论化学,3,3.95
陕西理工大学,8,凝聚态物理,机械工程,3,3.95
陕西理工大学,9,材料科学,物理与天文学,3,3.95
陕西理工大学,10,软件,建模与仿真,3,3.95
陕西理工大学,11,凝聚态物理,材料科学,3,3.95
陕西理工大学,12,化学,陶瓷和复合材料,2,2.63
陕西理工大学,13,物理与理论化学,材料化学,2,2.63
陕西理工大学,14,凝聚态物理,生物化学,2,2.63
陕西理工大学,15,物理与理论化学,生物化学,2,2.63
陕西理工大学,16,机械工程,材料科学,2,2.63
陕西理工大学,17,材料力学,材料科学,2,2.63
陕西理工大学,18,原子与分子物理学、光学,光谱学,2,2.63
陕西理工大学,19,材料力学,陶瓷和复合材料,2,2.63
陕西理工大学,20,无机化学,物理与理论化学,2,2.63
石河子大学,1,化学,化学工程,31,7.54
石河子大学,2,机械工程,农业和生物科学,21,5.11
石河子大学,3,植物科学,农作物科学,12,2.92
石河子大学,4,生态学、进化、行为及分类,生态学,11,2.68
石河子大学,5,生物化学、遗传学和分子生物学,医学,11,2.68
石河子大学,6,组织学,病理学与法医学,9,2.19
石河子大学,7,分子生物学,遗传学,9,2.19
石河子大学,8,土壤学,农作物科学,8,1.95
石河子大学,9,生物化学、遗传学和分子生物学,农业和生物科学,8,1.95
石河子大学,10,医学,农业和生物科学,8,1.95
石河子大学,11,临床生物化学,医学,8,1.95
石河子大学,12,公共卫生、环境与职业健康,健康，毒理学和变异,8,1.95
石河子大学,13,化学,材料科学,7,1.70
石河子大学,14,环境化学,污染,7,1.70
石河子大学,15,生物化学,遗传学,7,1.70
石河子大学,16,分子生物学,生物化学,7,1.70
石河子大学,17,肿瘤,癌症研究,7,1.70
石河子大学,18,化学,材料化学,6,1.46
石河子大学,19,凝聚态物理,电气与电子工程,6,1.46
石河子大学,20,凝聚态物理,材料科学,6,1.46
衢州学院,1,污染,水科学与技术,3,8.82
衢州学院,2,材料化学,金属与合金,3,8.82
衢州学院,3,电气与电子工程,仪器仪表,2,5.88
衢州学院,4,环境化学,环境工程,2,5.88
衢州学院,5,环境化学,污染,2,5.88
衢州学院,6,环境化学,废物管理和处置,2,5.88
衢州学院,7,环境工程,污染,2,5.88
衢州学院,8,环境化学,水科学与技术,2,5.88
衢州学院,9,环境工程,废物管理和处置,2,5.88
衢州学院,10,环境工程,水科学与技术,2,5.88
衢州学院,11,污染,废物管理和处置,2,5.88
衢州学院,12,废物管理和处置,水科学与技术,2,5.88
衢州学院,13,电子、光学和磁性材料,材料化学,2,5.88
衢州学院,14,电子、光学和磁性材料,金属与合金,2,5.88
衢州学院,15,电气与电子工程,电子、光学和磁性材料,2,5.88
衢州学院,16,电气与电子工程,材料化学,2,5.88
衢州学院,17,电气与电子工程,金属与合金,2,5.88
衢州学院,18,电气与电子工程,控制与系统工程,2,5.88
衢州学院,19,仪器仪表,控制与系统工程,1,2.94
衢州学院,20,数学,控制与系统工程,1,2.94
华东师范大学,1,计算机科学,理论计算机科学,55,3.76
华东师范大学,2,电气与电子工程,电子、光学和磁性材料,48,3.28
华东师范大学,3,化学,催化,45,3.08
华东师范大学,4,电子、光学和磁性材料,表面，涂料和薄膜,44,3.01
华东师范大学,5,化学,化学工程,44,3.01
华东师范大学,6,凝聚态物理,电子、光学和磁性材料,44,3.01
华东师范大学,7,有机化学,生物化学,37,2.53
华东师范大学,8,水产科学,海洋学,36,2.46
华东师范大学,9,电子、光学和磁性材料,材料化学,35,2.39
华东师范大学,10,软件,计算机网络与通信,34,2.32
华东师范大学,11,电气与电子工程,原子与分子物理学、光学,32,2.19
华东师范大学,12,材料化学,金属与合金,31,2.12
华东师范大学,13,化学,材料化学,30,2.05
华东师范大学,14,陶瓷和复合材料,材料化学,30,2.05
华东师范大学,15,凝聚态物理,电气与电子工程,30,2.05
华东师范大学,16,陶瓷和复合材料,电子、光学和磁性材料,29,1.98
华东师范大学,17,原子与分子物理学、光学,电子、光学和磁性材料,28,1.91
华东师范大学,18,材料化学,表面，涂料和薄膜,27,1.85
华东师范大学,19,有机化学,物理与理论化学,27,1.85
华东师范大学,20,机械工程,材料力学,25,1.71
南京大学,1,机械工程,材料力学,482,4.00
南京大学,2,电气与电子工程,电子、光学和磁性材料,405,3.36
南京大学,3,计算机科学应用,控制与系统工程,367,3.05
南京大学,4,凝聚态物理,电子、光学和磁性材料,349,2.90
南京大学,5,机械工程,材料科学,334,2.77
南京大学,6,凝聚态物理,电气与电子工程,311,2.58
南京大学,7,电气与电子工程,控制与系统工程,304,2.52
南京大学,8,电气与电子工程,原子与分子物理学、光学,299,2.48
南京大学,9,电气与电子工程,计算机科学应用,289,2.40
南京大学,10,凝聚态物理,材料科学,287,2.38
南京大学,11,材料力学,材料科学,272,2.26
南京大学,12,原子与分子物理学、光学,电子、光学和磁性材料,253,2.10
南京大学,13,化学,材料科学,239,1.98
南京大学,14,化学,化学工程,238,1.98
南京大学,15,电气与电子工程,计算机网络与通信,218,1.81
南京大学,16,仪器仪表,计算机网络与通信,201,1.67
南京大学,17,凝聚态物理,材料力学,194,1.61
南京大学,18,计算机科学应用,应用数学,193,1.60
南京大学,19,凝聚态物理,机械工程,189,1.57
南京大学,20,软件,计算机科学应用,184,1.53
首都师范大学,1,电气与电子工程,电子、光学和磁性材料,35,6.55
首都师范大学,2,凝聚态物理,电子、光学和磁性材料,33,6.18
首都师范大学,3,凝聚态物理,电气与电子工程,28,5.24
首都师范大学,4,凝聚态物理,材料科学,22,4.12
首都师范大学,5,计算机科学应用,应用数学,19,3.56
首都师范大学,6,电气与电子工程,计算机科学应用,19,3.56
首都师范大学,7,电子、光学和磁性材料,计算机科学应用,18,3.37
首都师范大学,8,凝聚态物理,应用数学,18,3.37
首都师范大学,9,凝聚态物理,计算机科学应用,18,3.37
首都师范大学,10,电气与电子工程,应用数学,18,3.37
首都师范大学,11,电子、光学和磁性材料,应用数学,18,3.37
首都师范大学,12,无机化学,材料科学,14,2.62
首都师范大学,13,凝聚态物理,无机化学,14,2.62
首都师范大学,14,电气与电子工程,原子与分子物理学、光学,13,2.43
首都师范大学,15,原子与分子物理学、光学,电子、光学和磁性材料,11,2.06
首都师范大学,16,电子、光学和磁性材料,材料化学,10,1.87
首都师范大学,17,电子、光学和磁性材料,表面，涂料和薄膜,10,1.87
首都师范大学,18,仪器仪表,光谱学,9,1.69
首都师范大学,19,分析,应用数学,8,1.50
首都师范大学,20,生态学、进化、行为及分类,植物科学,8,1.50
哈尔滨师范大学,1,化学,化学工程,17,9.39
哈尔滨师范大学,2,凝聚态物理,材料科学,12,6.63
哈尔滨师范大学,3,生态学、进化、行为及分类,生态学,11,6.08
哈尔滨师范大学,4,化学,材料科学,9,4.97
哈尔滨师范大学,5,陶瓷和复合材料,材料化学,8,4.42
哈尔滨师范大学,6,化学,凝聚态物理,7,3.87
哈尔滨师范大学,7,电子、光学和磁性材料,表面，涂料和薄膜,7,3.87
哈尔滨师范大学,8,代数与数论,分析,6,3.31
哈尔滨师范大学,9,机械工程,材料力学,6,3.31
哈尔滨师范大学,10,陶瓷和复合材料,电子、光学和磁性材料,6,3.31
哈尔滨师范大学,11,电子、光学和磁性材料,材料化学,6,3.31
哈尔滨师范大学,12,陶瓷和复合材料,表面，涂料和薄膜,6,3.31
哈尔滨师范大学,13,材料化学,表面，涂料和薄膜,6,3.31
哈尔滨师范大学,14,过程化学与技术,陶瓷和复合材料,6,3.31
哈尔滨师范大学,15,过程化学与技术,电子、光学和磁性材料,6,3.31
哈尔滨师范大学,16,过程化学与技术,材料化学,6,3.31
哈尔滨师范大学,17,过程化学与技术,表面，涂料和薄膜,6,3.31
哈尔滨师范大学,18,化学,材料化学,5,2.76
哈尔滨师范大学,19,化学,催化,5,2.76
哈尔滨师范大学,20,分子生物学,遗传学,5,2.76
北京语言大学,1,计算机科学,理论计算机科学,11,40.74
北京语言大学,2,计算机科学应用,地球与行星科学,2,7.41
北京语言大学,3,人机交互,信号处理,2,7.41
北京语言大学,4,软件,信号处理,2,7.41
北京语言大学,5,信息系统与管理,管理信息系统,1,3.70
北京语言大学,6,人工智能,管理信息系统,1,3.70
北京语言大学,7,软件,管理信息系统,1,3.70
北京语言大学,8,人工智能,信息系统与管理,1,3.70
北京语言大学,9,软件,信息系统与管理,1,3.70
北京语言大学,10,电气与电子工程,控制与系统工程,1,3.70
北京语言大学,11,工业与制造工程,控制与系统工程,1,3.70
北京语言大学,12,电气与电子工程,工业与制造工程,1,3.70
北京语言大学,13,工程,计算机科学应用,1,3.70
北京语言大学,14,计算机科学,控制与系统工程,1,3.70
北京语言大学,15,工程,应用数学,1,3.70
北京语言大学,16,电气与电子工程,计算机科学,1,3.70
北京语言大学,17,安全、风险、可靠性和质量,控制与系统工程,1,3.70
北京语言大学,18,工业与制造工程,计算机科学,1,3.70
北京语言大学,19,电气与电子工程,安全、风险、可靠性和质量,1,3.70
北京语言大学,20,人工智能,控制与系统工程,1,3.70
中国政法大学,1,政治学与国际关系,法学,3,9.38
中国政法大学,2,电气与电子工程,控制与系统工程,2,6.25
中国政法大学,3,工业与制造工程,控制与系统工程,2,6.25
中国政法大学,4,电气与电子工程,工业与制造工程,2,6.25
中国政法大学,5,计算机科学,控制与系统工程,2,6.25
中国政法大学,6,电气与电子工程,计算机科学,2,6.25
中国政法大学,7,安全、风险、可靠性和质量,控制与系统工程,2,6.25
中国政法大学,8,工业与制造工程,计算机科学,2,6.25
中国政法大学,9,电气与电子工程,安全、风险、可靠性和质量,2,6.25
中国政法大学,10,工业与制造工程,安全、风险、可靠性和质量,2,6.25
中国政法大学,11,计算机科学,安全、风险、可靠性和质量,2,6.25
中国政法大学,12,建模与仿真,控制与系统工程,2,6.25
中国政法大学,13,经济地质学,控制与系统工程,1,3.13
中国政法大学,14,安全、风险、可靠性和质量,法学,1,3.13
中国政法大学,15,计算机网络与通信,法学,1,3.13
中国政法大学,16,计算机网络与通信,安全性研究,1,3.13
中国政法大学,17,计算机科学应用,安全性研究,1,3.13
中国政法大学,18,交通运输,计算机网络与通信,1,3.13
中国政法大学,19,交通运输,计算机科学应用,1,3.13
中国政法大学,20,经济地质学,计算机科学应用,1,3.13
华中师范大学,1,计算机网络与通信,计算机科学应用,34,5.63
华中师范大学,2,有机化学,生物化学,33,5.46
华中师范大学,3,教育学,计算机网络与通信,28,4.64
华中师范大学,4,教育学,计算机科学应用,28,4.64
华中师范大学,5,有机化学,物理与理论化学,23,3.81
华中师范大学,6,物理与理论化学,生物化学,22,3.64
华中师范大学,7,化学,化学工程,16,2.65
华中师范大学,8,化学,催化,16,2.65
华中师范大学,9,电子、光学和磁性材料,表面，涂料和薄膜,16,2.65
华中师范大学,10,材料化学,表面，涂料和薄膜,16,2.65
华中师范大学,11,电子、光学和磁性材料,材料化学,15,2.48
华中师范大学,12,材料化学,金属与合金,15,2.48
华中师范大学,13,分析,应用数学,14,2.32
华中师范大学,14,电子、光学和磁性材料,金属与合金,14,2.32
华中师范大学,15,金属与合金,表面，涂料和薄膜,14,2.32
华中师范大学,16,应用数学,离散数学与组合数学,12,1.99
华中师范大学,17,计算机科学,理论计算机科学,12,1.99
华中师范大学,18,计算机网络与通信,人机交互,12,1.99
华中师范大学,19,分子生物学,生物化学,12,1.99
华中师范大学,20,化学,材料化学,11,1.82
中国药科大学,1,制药科学,药理学,96,9.91
中国药科大学,2,药物发现,制药科学,92,9.49
中国药科大学,3,药物发现,药理学,83,8.57
中国药科大学,4,有机化学,生物化学,82,8.46
中国药科大学,5,有机化学,药物发现,76,7.84
中国药科大学,6,分子医学,药物发现,63,6.50
中国药科大学,7,化学,化学工程,62,6.40
中国药科大学,8,药物发现,临床生物化学,58,5.99
中国药科大学,9,分子生物学,生物化学,58,5.99
中国药科大学,10,补充和替代医学,药物发现,57,5.88
中国药科大学,11,制药科学,临床生物化学,52,5.37
中国药科大学,12,分子医学,制药科学,51,5.26
中国药科大学,13,生物化学,临床生物化学,49,5.06
中国药科大学,14,分析化学,临床生物化学,47,4.85
中国药科大学,15,生物化学,药物发现,45,4.64
中国药科大学,16,分析化学,生物化学,41,4.23
中国药科大学,17,分子医学,生物化学,38,3.92
中国药科大学,18,分析化学,药物发现,37,3.82
中国药科大学,19,药理学（医学）,药理学、毒理学、药剂学（所有）,37,3.82
中国药科大学,20,应用微生物学与生物技术,制药科学,36,3.72
东北大学,1,机械工程,材料力学,350,9.11
东北大学,2,计算机科学应用,应用数学,325,8.46
东北大学,3,材料化学,金属与合金,280,7.29
东北大学,4,工程,计算机科学应用,263,6.85
东北大学,5,工程,应用数学,259,6.74
东北大学,6,材料力学,金属与合金,211,5.49
东北大学,7,凝聚态物理,材料力学,191,4.97
东北大学,8,材料力学,材料科学,189,4.92
东北大学,9,计算机科学应用,控制与系统工程,188,4.89
东北大学,10,凝聚态物理,材料科学,179,4.66
东北大学,11,机械工程,材料科学,174,4.53
东北大学,12,人工智能,控制与系统工程,173,4.50
东北大学,13,控制与优化,控制与系统工程,169,4.40
东北大学,14,材料力学,材料化学,165,4.30
东北大学,15,人工智能,控制与优化,148,3.85
东北大学,16,凝聚态物理,机械工程,144,3.75
东北大学,17,凝聚态物理,材料化学,138,3.59
东北大学,18,凝聚态物理,金属与合金,137,3.57
东北大学,19,机械工程,金属与合金,126,3.28
东北大学,20,决策科学（其它）,控制与优化,108,2.81
长安大学,1,建造与施工,土木与结构工程,58,7.52
长安大学,2,机械工程,建造与施工,52,6.74
长安大学,3,机械工程,土木与结构工程,45,5.84
长安大学,4,交通运输,土木与结构工程,45,5.84
长安大学,5,交通运输,机械工程,43,5.58
长安大学,6,材料科学,建造与施工,33,4.28
长安大学,7,材料科学,土木与结构工程,32,4.15
长安大学,8,机械工程,材料力学,28,3.63
长安大学,9,凝聚态物理,电气与电子工程,24,3.11
长安大学,10,材料力学,土木与结构工程,20,2.59
长安大学,11,建造与施工,建筑,19,2.46
长安大学,12,凝聚态物理,材料化学,18,2.33
长安大学,13,岩土工程和工程地质学,土木与结构工程,17,2.20
长安大学,14,材料科学,工程,16,2.08
长安大学,15,电气与电子工程,电子、光学和磁性材料,16,2.08
长安大学,16,化学,材料科学,15,1.95
长安大学,17,电子、光学和磁性材料,材料化学,15,1.95
长安大学,18,建模与仿真,计算机科学应用,14,1.82
长安大学,19,材料力学,建造与施工,14,1.82
长安大学,20,凝聚态物理,材料科学,14,1.82
中国科学技术大学,1,机械工程,材料力学,129,3.41
中国科学技术大学,2,机械工程,材料科学,109,2.88
中国科学技术大学,3,凝聚态物理,电子、光学和磁性材料,107,2.83
中国科学技术大学,4,化学,化学工程,107,2.83
中国科学技术大学,5,化学,催化,100,2.64
中国科学技术大学,6,电气与电子工程,计算机科学应用,91,2.41
中国科学技术大学,7,电气与电子工程,电子、光学和磁性材料,90,2.38
中国科学技术大学,8,化学,材料科学,89,2.35
中国科学技术大学,9,计算机科学应用,控制与系统工程,89,2.35
中国科学技术大学,10,电子、光学和磁性材料,表面，涂料和薄膜,87,2.30
中国科学技术大学,11,凝聚态物理,材料科学,80,2.12
中国科学技术大学,12,电气与电子工程,控制与系统工程,79,2.09
中国科学技术大学,13,计算机科学应用,应用数学,76,2.01
中国科学技术大学,14,材料力学,材料科学,76,2.01
中国科学技术大学,15,原子与分子物理学、光学,电子、光学和磁性材料,73,1.93
中国科学技术大学,16,凝聚态物理,电气与电子工程,72,1.90
中国科学技术大学,17,计算机科学,理论计算机科学,65,1.72
中国科学技术大学,18,电气与电子工程,原子与分子物理学、光学,65,1.72
中国科学技术大学,19,地球化学与岩石,地球物理学,61,1.61
中国科学技术大学,20,电气与电子工程,应用数学,60,1.59
广西大学,1,机械工程,材料力学,49,5.12
广西大学,2,凝聚态物理,材料科学,38,3.97
广西大学,3,材料力学,材料科学,34,3.55
广西大学,4,环境工程,废物管理和处置,33,3.45
广西大学,5,化学,化学工程,31,3.24
广西大学,6,机械工程,材料科学,29,3.03
广西大学,7,电气与电子工程,控制与系统工程,26,2.72
广西大学,8,化学,材料科学,25,2.61
广西大学,9,凝聚态物理,材料化学,25,2.61
广西大学,10,电气与电子工程,能源工程与电力技术,23,2.40
广西大学,11,建造与施工,土木与结构工程,23,2.40
广西大学,12,电子、光学和磁性材料,材料化学,23,2.40
广西大学,13,计算机网络与通信,信号处理,23,2.40
广西大学,14,电气与电子工程,电子、光学和磁性材料,22,2.30
广西大学,15,凝聚态物理,电子、光学和磁性材料,22,2.30
广西大学,16,材料化学,金属与合金,21,2.19
广西大学,17,凝聚态物理,电气与电子工程,21,2.19
广西大学,18,电气与电子工程,仪器仪表,21,2.19
广西大学,19,凝聚态物理,材料力学,21,2.19
广西大学,20,电气与电子工程,信号处理,20,2.09
长春理工大学,1,电气与电子工程,电子、光学和磁性材料,97,15.93
长春理工大学,2,凝聚态物理,电子、光学和磁性材料,76,12.48
长春理工大学,3,原子与分子物理学、光学,电子、光学和磁性材料,74,12.15
长春理工大学,4,电气与电子工程,原子与分子物理学、光学,68,11.17
长春理工大学,5,凝聚态物理,电气与电子工程,62,10.18
长春理工大学,6,计算机科学应用,应用数学,51,8.37
长春理工大学,7,电子、光学和磁性材料,计算机科学应用,48,7.88
长春理工大学,8,凝聚态物理,应用数学,48,7.88
长春理工大学,9,凝聚态物理,计算机科学应用,48,7.88
长春理工大学,10,电气与电子工程,应用数学,48,7.88
长春理工大学,11,电气与电子工程,计算机科学应用,48,7.88
长春理工大学,12,电子、光学和磁性材料,应用数学,48,7.88
长春理工大学,13,化学,化学工程,27,4.43
长春理工大学,14,凝聚态物理,材料科学,27,4.43
长春理工大学,15,空间与行星科学,航空航天工程,21,3.45
长春理工大学,16,电气与电子工程,空间与行星科学,21,3.45
长春理工大学,17,原子与分子物理学、光学,航空航天工程,21,3.45
长春理工大学,18,电气与电子工程,航空航天工程,21,3.45
长春理工大学,19,原子与分子物理学、光学,空间与行星科学,21,3.45
长春理工大学,20,机械工程,材料力学,19,3.12
新疆医科大学,1,生物化学、遗传学和分子生物学,医学,56,15.73
新疆医科大学,2,组织学,病理学与法医学,22,6.18
新疆医科大学,3,分子生物学,遗传学,20,5.62
新疆医科大学,4,肿瘤,癌症研究,19,5.34
新疆医科大学,5,癌症研究,医学,13,3.65
新疆医科大学,6,分子生物学,生物化学,11,3.09
新疆医科大学,7,药物发现,制药科学,11,3.09
新疆医科大学,8,分子医学,癌症研究,9,2.53
新疆医科大学,9,免疫学与微生物学（其它）,癌症研究,9,2.53
新疆医科大学,10,免疫学与微生物学（其它）,医学,9,2.53
新疆医科大学,11,生物化学、遗传学和分子生物学,农业和生物科学,8,2.25
新疆医科大学,12,医学,农业和生物科学,8,2.25
新疆医科大学,13,生物化学,遗传学,7,1.97
新疆医科大学,14,分子生物学,细胞生物学,7,1.97
新疆医科大学,15,寄生虫学,传染病,6,1.69
新疆医科大学,16,生物化学,细胞生物学,6,1.69
新疆医科大学,17,癌症研究,遗传学,6,1.69
新疆医科大学,18,分子生物学,癌症研究,6,1.69
新疆医科大学,19,急救医学,急救,6,1.69
新疆医科大学,20,生物化学,癌症研究,5,1.40
同济大学,1,建造与施工,土木与结构工程,312,6.72
同济大学,2,机械工程,材料力学,218,4.70
同济大学,3,机械工程,土木与结构工程,109,2.35
同济大学,4,生物化学、遗传学和分子生物学,医学,109,2.35
同济大学,5,材料力学,土木与结构工程,108,2.33
同济大学,6,化学,化学工程,105,2.26
同济大学,7,计算机科学应用,控制与系统工程,94,2.03
同济大学,8,岩土工程和工程地质学,土木与结构工程,92,1.98
同济大学,9,材料力学,材料科学,92,1.98
同济大学,10,凝聚态物理,电子、光学和磁性材料,90,1.94
同济大学,11,材料力学,建造与施工,89,1.92
同济大学,12,电气与电子工程,电子、光学和磁性材料,87,1.87
同济大学,13,环境化学,污染,85,1.83
同济大学,14,电气与电子工程,凝聚态物理,74,1.59
同济大学,15,电气与电子工程,控制与系统工程,73,1.57
同济大学,16,肿瘤,癌症研究,72,1.55
同济大学,17,材料科学,土木与结构工程,68,1.47
同济大学,18,机械工程,材料科学,68,1.47
同济大学,19,材料科学,建造与施工,67,1.44
同济大学,20,电气与电子工程,计算机科学应用,67,1.44
北华大学,1,材料科学,工程,24,16.90
北华大学,2,化学,材料科学,23,16.20
北华大学,3,化学,工程,23,16.20
北华大学,4,医学（其它）,健康信息学,13,9.15
北华大学,5,计算机科学应用,医学（其它）,13,9.15
北华大学,6,计算机科学应用,健康信息学,13,9.15
北华大学,7,教育学,医学（其它）,13,9.15
北华大学,8,教育学,健康信息学,13,9.15
北华大学,9,教育学,计算机科学应用,13,9.15
北华大学,10,分子生物学,遗传学,6,4.23
北华大学,11,计算机科学应用,控制与系统工程,6,4.23
北华大学,12,计算机网络与通信,计算机科学应用,6,4.23
北华大学,13,建模与仿真,控制与系统工程,5,3.52
北华大学,14,控制与优化,控制与系统工程,4,2.82
北华大学,15,建模与仿真,计算机科学应用,4,2.82
北华大学,16,计算机网络与通信,控制与系统工程,4,2.82
北华大学,17,分子生物学,生物化学,3,2.11
北华大学,18,补充和替代医学,药物发现,3,2.11
北华大学,19,补充和替代医学,制药科学,3,2.11
北华大学,20,建模与仿真,应用数学,3,2.11
遵义医学院,1,药物发现,制药科学,8,9.30
遵义医学院,2,有机化学,药物发现,6,6.98
遵义医学院,3,分子生物学,生物化学,5,5.81
遵义医学院,4,药理学（医学）,补充和替代医学,5,5.81
遵义医学院,5,补充和替代医学,药物发现,5,5.81
遵义医学院,6,补充和替代医学,制药科学,5,5.81
遵义医学院,7,生物化学,临床生物化学,4,4.65
遵义医学院,8,有机化学,生物化学,4,4.65
遵义医学院,9,生物化学,药物发现,4,4.65
遵义医学院,10,分子医学,药物发现,4,4.65
遵义医学院,11,分子医学,制药科学,4,4.65
遵义医学院,12,有机化学,制药科学,3,3.49
遵义医学院,13,分子医学,生物化学,3,3.49
遵义医学院,14,分子医学,临床生物化学,3,3.49
遵义医学院,15,分子生物学,遗传学,3,3.49
遵义医学院,16,分子生物学,分子医学,3,3.49
遵义医学院,17,药理学、毒理学、药剂学（所有）,医学,3,3.49
遵义医学院,18,分子医学,有机化学,3,3.49
遵义医学院,19,药理学（医学）,药理学、毒理学、药剂学（所有）,3,3.49
遵义医学院,20,药理学（医学）,药物发现,3,3.49
北京科技大学,1,机械工程,材料力学,472,16.68
北京科技大学,2,材料化学,金属与合金,411,14.52
北京科技大学,3,材料力学,金属与合金,395,13.96
北京科技大学,4,材料力学,材料化学,289,10.21
北京科技大学,5,凝聚态物理,材料力学,245,8.66
北京科技大学,6,机械工程,金属与合金,241,8.52
北京科技大学,7,材料力学,材料科学,223,7.88
北京科技大学,8,机械工程,材料科学,204,7.21
北京科技大学,9,机械工程,材料化学,196,6.93
北京科技大学,10,凝聚态物理,材料科学,194,6.86
北京科技大学,11,凝聚态物理,金属与合金,183,6.47
北京科技大学,12,凝聚态物理,材料化学,175,6.18
北京科技大学,13,凝聚态物理,机械工程,145,5.12
北京科技大学,14,化学,化学工程,105,3.71
北京科技大学,15,计算机科学应用,控制与系统工程,72,2.54
北京科技大学,16,岩土工程和工程地质学,金属与合金,67,2.37
北京科技大学,17,凝聚态物理,物理与理论化学,63,2.23
北京科技大学,18,陶瓷和复合材料,材料化学,63,2.23
北京科技大学,19,化学,材料科学,62,2.19
北京科技大学,20,机械工程,岩土工程和工程地质学,60,2.12
中央财经大学,1,经济学和计量经济学,财务,19,11.73
中央财经大学,2,统计与概率,统计、概率和不确定性,10,6.17
中央财经大学,3,计算机科学,理论计算机科学,4,2.47
中央财经大学,4,进化学,地理、规划与发展,4,2.47
中央财经大学,5,建模与仿真,统计与概率,3,1.85
中央财经大学,6,建模与仿真,计算机科学应用,3,1.85
中央财经大学,7,工业与制造工程,安全、风险、可靠性和质量,3,1.85
中央财经大学,8,计算机科学应用,控制与系统工程,3,1.85
中央财经大学,9,计算理论与数学,计算机科学应用,3,1.85
中央财经大学,10,计算机科学（其它）,信息系统,3,1.85
中央财经大学,11,计算机网络与通信,信息系统,3,1.85
中央财经大学,12,计算机科学应用,信号处理,3,1.85
中央财经大学,13,经济学和计量经济学,统计与概率,2,1.23
中央财经大学,14,经济地质学,控制与系统工程,2,1.23
中央财经大学,15,工业与制造工程,商业、管理和会计（其它）,2,1.23
中央财经大学,16,经济地质学,计算机科学应用,2,1.23
中央财经大学,17,安全、风险、可靠性和质量,商业、管理和会计（其它）,2,1.23
中央财经大学,18,代数与数论,分析,2,1.23
中央财经大学,19,应用数学,计算数学,2,1.23
中央财经大学,20,应用数学,离散数学与组合数学,2,1.23
武汉理工大学,1,电气与电子工程,机械工程,135,6.81
武汉理工大学,2,机械工程,材料力学,130,6.56
武汉理工大学,3,凝聚态物理,材料科学,75,3.78
武汉理工大学,4,材料力学,材料科学,72,3.63
武汉理工大学,5,机械工程,材料科学,70,3.53
武汉理工大学,6,电气与电子工程,电子、光学和磁性材料,69,3.48
武汉理工大学,7,化学,材料科学,68,3.43
武汉理工大学,8,陶瓷和复合材料,材料化学,67,3.38
武汉理工大学,9,化学,化学工程,61,3.08
武汉理工大学,10,凝聚态物理,材料力学,61,3.08
武汉理工大学,11,凝聚态物理,电子、光学和磁性材料,60,3.03
武汉理工大学,12,计算机科学应用,控制与系统工程,60,3.03
武汉理工大学,13,电子、光学和磁性材料,材料化学,59,2.98
武汉理工大学,14,机械工程,海洋工程,58,2.93
武汉理工大学,15,计算机网络与通信,计算机科学应用,57,2.88
武汉理工大学,16,凝聚态物理,电气与电子工程,54,2.72
武汉理工大学,17,凝聚态物理,材料化学,54,2.72
武汉理工大学,18,计算机科学,理论计算机科学,48,2.42
武汉理工大学,19,人工智能,控制与系统工程,48,2.42
武汉理工大学,20,建造与施工,土木与结构工程,46,2.32
东南大学,1,电气与电子工程,控制与系统工程,177,4.02
东南大学,2,建造与施工,土木与结构工程,169,3.84
东南大学,3,机械工程,材料力学,162,3.68
东南大学,4,电气与电子工程,计算机科学应用,159,3.61
东南大学,5,化学,化学工程,145,3.29
东南大学,6,计算机科学应用,控制与系统工程,137,3.11
东南大学,7,电气与电子工程,电子、光学和磁性材料,127,2.88
东南大学,8,电气与电子工程,能源工程与电力技术,126,2.86
东南大学,9,凝聚态物理,材料科学,123,2.79
东南大学,10,材料力学,材料科学,101,2.29
东南大学,11,化学,材料科学,98,2.22
东南大学,12,凝聚态物理,电气与电子工程,97,2.20
东南大学,13,机械工程,材料科学,96,2.18
东南大学,14,凝聚态物理,电子、光学和磁性材料,92,2.09
东南大学,15,计算机科学应用,应用数学,86,1.95
东南大学,16,电气与电子工程,应用数学,86,1.95
东南大学,17,电气与电子工程,计算机网络与通信,82,1.86
东南大学,18,凝聚态物理,化学,79,1.79
东南大学,19,电气与电子工程,机械工程,73,1.66
东南大学,20,材料科学,土木与结构工程,70,1.59
大连理工大学,1,机械工程,材料力学,277,7.90
大连理工大学,2,化学,化学工程,180,5.13
大连理工大学,3,机械工程,材料科学,174,4.96
大连理工大学,4,材料力学,材料科学,169,4.82
大连理工大学,5,计算机科学应用,控制与系统工程,135,3.85
大连理工大学,6,电气与电子工程,电子、光学和磁性材料,129,3.68
大连理工大学,7,凝聚态物理,材料科学,120,3.42
大连理工大学,8,凝聚态物理,机械工程,115,3.28
大连理工大学,9,凝聚态物理,材料力学,110,3.14
大连理工大学,10,软件,计算机科学应用,96,2.74
大连理工大学,11,凝聚态物理,电子、光学和磁性材料,95,2.71
大连理工大学,12,计算机科学应用,应用数学,88,2.51
大连理工大学,13,软件,控制与系统工程,86,2.45
大连理工大学,14,机械工程,计算机科学应用,84,2.40
大连理工大学,15,电气与电子工程,计算机科学应用,83,2.37
大连理工大学,16,工程,应用数学,82,2.34
大连理工大学,17,材料化学,金属与合金,82,2.34
大连理工大学,18,电气与电子工程,控制与系统工程,81,2.31
大连理工大学,19,凝聚态物理,电气与电子工程,79,2.25
大连理工大学,20,建造与施工,土木与结构工程,75,2.14
中国海洋大学,1,海洋工程,海洋学,114,7.02
中国海洋大学,2,水产科学,海洋学,97,5.98
中国海洋大学,3,化学,化学工程,50,3.08
中国海洋大学,4,分子生物学,遗传学,47,2.90
中国海洋大学,5,水产科学,生态学、进化、行为及分类,40,2.46
中国海洋大学,6,分子生物学,生物化学,37,2.28
中国海洋大学,7,海洋学,汽车工程,32,1.97
中国海洋大学,8,海洋学,水科学与技术,30,1.85
中国海洋大学,9,生态学、进化、行为及分类,生态学,29,1.79
中国海洋大学,10,机械工程,材料力学,26,1.60
中国海洋大学,11,化学,材料科学,25,1.54
中国海洋大学,12,环境化学,污染,25,1.54
中国海洋大学,13,地球表面过程,水科学与技术,24,1.48
中国海洋大学,14,生理学,生物化学,24,1.48
中国海洋大学,15,有机化学,生物化学,24,1.48
中国海洋大学,16,材料化学,聚合物和塑料,24,1.48
中国海洋大学,17,机械工程,海洋工程,23,1.42
中国海洋大学,18,环境工程,废物管理和处置,23,1.42
中国海洋大学,19,水产科学,管理、监督、政策与Law,23,1.42
中国海洋大学,20,污染,水科学与技术,22,1.36
陕西师范大学,1,凝聚态物理,材料科学,47,5.02
陕西师范大学,2,机械工程,材料力学,41,4.38
陕西师范大学,3,凝聚态物理,电子、光学和磁性材料,40,4.27
陕西师范大学,4,化学,化学工程,39,4.16
陕西师范大学,5,材料力学,材料科学,35,3.74
陕西师范大学,6,机械工程,材料科学,32,3.42
陕西师范大学,7,分子生物学,遗传学,30,3.20
陕西师范大学,8,电子、光学和磁性材料,表面，涂料和薄膜,30,3.20
陕西师范大学,9,化学,材料科学,29,3.09
陕西师范大学,10,凝聚态物理,电气与电子工程,27,2.88
陕西师范大学,11,电气与电子工程,电子、光学和磁性材料,26,2.77
陕西师范大学,12,化学,凝聚态物理,24,2.56
陕西师范大学,13,电子、光学和磁性材料,材料化学,24,2.56
陕西师范大学,14,材料化学,表面，涂料和薄膜,20,2.13
陕西师范大学,15,材料化学,金属与合金,18,1.92
陕西师范大学,16,原子与分子物理学、光学,电子、光学和磁性材料,18,1.92
陕西师范大学,17,环境化学,污染,17,1.81
陕西师范大学,18,凝聚态物理,材料力学,17,1.81
陕西师范大学,19,凝聚态物理,材料化学,17,1.81
陕西师范大学,20,凝聚态物理,机械工程,16,1.71
西南交通大学,1,机械工程,材料力学,178,8.90
西南交通大学,2,电气与电子工程,能源工程与电力技术,124,6.20
西南交通大学,3,计算机科学应用,控制与系统工程,124,6.20
西南交通大学,4,电气与电子工程,控制与系统工程,96,4.80
西南交通大学,5,建模与仿真,计算机科学应用,90,4.50
西南交通大学,6,计算机科学应用,应用数学,88,4.40
西南交通大学,7,建模与仿真,控制与系统工程,78,3.90
西南交通大学,8,凝聚态物理,材料力学,74,3.70
西南交通大学,9,材料力学,材料科学,71,3.55
西南交通大学,10,电气与电子工程,计算机科学应用,71,3.55
西南交通大学,11,建模与仿真,应用数学,67,3.35
西南交通大学,12,机械工程,材料科学,64,3.20
西南交通大学,13,电气与电子工程,电子、光学和磁性材料,58,2.90
西南交通大学,14,应用数学,控制与系统工程,58,2.90
西南交通大学,15,凝聚态物理,电气与电子工程,55,2.75
西南交通大学,16,凝聚态物理,材料化学,54,2.70
西南交通大学,17,机械工程,土木与结构工程,51,2.55
西南交通大学,18,凝聚态物理,机械工程,51,2.55
西南交通大学,19,凝聚态物理,材料科学,51,2.55
西南交通大学,20,凝聚态物理,电子、光学和磁性材料,47,2.35
华侨大学,1,机械工程,材料力学,36,6.16
华侨大学,2,电气与电子工程,电子、光学和磁性材料,26,4.45
华侨大学,3,原子与分子物理学、光学,电子、光学和磁性材料,23,3.94
华侨大学,4,电气与电子工程,原子与分子物理学、光学,19,3.25
华侨大学,5,凝聚态物理,电子、光学和磁性材料,19,3.25
华侨大学,6,机械工程,材料科学,19,3.25
华侨大学,7,凝聚态物理,电气与电子工程,18,3.08
华侨大学,8,计算机科学应用,控制与系统工程,18,3.08
华侨大学,9,材料力学,材料科学,17,2.91
华侨大学,10,凝聚态物理,材料力学,16,2.74
华侨大学,11,分析,应用数学,14,2.40
华侨大学,12,化学,化学工程,13,2.23
华侨大学,13,凝聚态物理,机械工程,12,2.05
华侨大学,14,计算机科学应用,应用数学,12,2.05
华侨大学,15,建造与施工,土木与结构工程,12,2.05
华侨大学,16,凝聚态物理,材料科学,12,2.05
华侨大学,17,凝聚态物理,材料化学,12,2.05
华侨大学,18,能源工程与电力技术,可再生能源，可持续性和环境,11,1.88
华侨大学,19,有机化学,物理与理论化学,11,1.88
华侨大学,20,电气与电子工程,控制与系统工程,11,1.88
皖南医学院,1,生物化学、遗传学和分子生物学,医学,11,10.78
皖南医学院,2,寄生虫学,传染病,5,4.90
皖南医学院,3,免疫及过敏病科,免疫学,4,3.92
皖南医学院,4,分子生物学,生物化学,4,3.92
皖南医学院,5,心血管与心血管医学,放射核医学与成像,4,3.92
皖南医学院,6,肿瘤,癌症研究,4,3.92
皖南医学院,7,心血管与心血管医学,临床神经病学,3,2.94
皖南医学院,8,放射核医学与成像,临床神经病学,3,2.94
皖南医学院,9,微生物学,传染病,2,1.96
皖南医学院,10,微生物学,微生物学（医学）,2,1.96
皖南医学院,11,免疫学,药理学,2,1.96
皖南医学院,12,生物化学、医学,内分泌学、糖尿病和新陈代谢,2,1.96
皖南医学院,13,生物化学,癌症研究,2,1.96
皖南医学院,14,传染病,医学,2,1.96
皖南医学院,15,生物化学,遗传学,2,1.96
皖南医学院,16,分子医学,生物化学,2,1.96
皖南医学院,17,癌症研究,遗传学,2,1.96
皖南医学院,18,分子生物学,癌症研究,2,1.96
皖南医学院,19,临床生物化学,内分泌学,2,1.96
皖南医学院,20,分子医学,癌症研究,2,1.96
山西中医药大学,1,药理学（医学）,补充和替代医学,1,25.00
山西中医药大学,2,药物发现,制药科学,1,25.00
山西中医药大学,3,心血管与心血管医学,放射核医学与成像,1,25.00
山西中医药大学,4,药理学（医学）,药理学、毒理学、药剂学（所有）,1,25.00
山西中医药大学,5,心血管与心血管医学,临床神经病学,1,25.00
山西中医药大学,6,药理学（医学）,药物发现,1,25.00
山西中医药大学,7,药理学（医学）,制药科学,1,25.00
山西中医药大学,8,放射核医学与成像,临床神经病学,1,25.00
山西中医药大学,9,补充和替代医学,药物发现,1,25.00
山西中医药大学,10,补充和替代医学,制药科学,1,25.00
杭州电子科技大学,1,电气与电子工程,计算机网络与通信,89,10.43
杭州电子科技大学,2,计算机科学应用,控制与系统工程,62,7.27
杭州电子科技大学,3,电气与电子工程,控制与系统工程,57,6.68
杭州电子科技大学,4,电气与电子工程,电子、光学和磁性材料,43,5.04
杭州电子科技大学,5,机械工程,材料力学,41,4.81
杭州电子科技大学,6,计算机网络与通信,信号处理,37,4.34
杭州电子科技大学,7,电气与电子工程,原子与分子物理学、光学,36,4.22
杭州电子科技大学,8,材料化学,金属与合金,36,4.22
杭州电子科技大学,9,凝聚态物理,电气与电子工程,35,4.10
杭州电子科技大学,10,电气与电子工程,计算机科学应用,34,3.99
杭州电子科技大学,11,人工智能,控制与系统工程,32,3.75
杭州电子科技大学,12,软件,计算机科学应用,31,3.63
杭州电子科技大学,13,原子与分子物理学、光学,电子、光学和磁性材料,30,3.52
杭州电子科技大学,14,计算机科学应用,应用数学,29,3.40
杭州电子科技大学,15,建模与仿真,计算机科学应用,29,3.40
杭州电子科技大学,16,凝聚态物理,电子、光学和磁性材料,29,3.40
杭州电子科技大学,17,机械工程,材料化学,29,3.40
杭州电子科技大学,18,机械工程,金属与合金,29,3.40
杭州电子科技大学,19,材料力学,材料化学,29,3.40
杭州电子科技大学,20,材料力学,金属与合金,29,3.40
东北林业大学 ,1,生态学、进化、行为及分类,生态学,58,7.79
东北林业大学 ,2,林业,植物科学,36,4.83
东北林业大学 ,3,化学,化学工程,26,3.49
东北林业大学 ,4,材料化学,聚合物和塑料,24,3.22
东北林业大学 ,5,机械工程,材料力学,23,3.09
东北林业大学 ,6,植物科学,生态学,22,2.95
东北林业大学 ,7,分子生物学,遗传学,19,2.55
东北林业大学 ,8,生理学,植物科学,17,2.28
东北林业大学 ,9,环境工程,废物管理和处置,17,2.28
东北林业大学 ,10,材料力学,材料科学,17,2.28
东北林业大学 ,11,植物科学,农作物科学,16,2.15
东北林业大学 ,12,林业,生态学,16,2.15
东北林业大学 ,13,机械工程,材料科学,16,2.15
东北林业大学 ,14,环境工程,生物工程,16,2.15
东北林业大学 ,15,凝聚态物理,材料化学,15,2.01
东北林业大学 ,16,废物管理和处置,生物工程,15,2.01
东北林业大学 ,17,电子、光学和磁性材料,材料化学,15,2.01
东北林业大学 ,18,电气与电子工程,电子、光学和磁性材料,14,1.88
东北林业大学 ,19,凝聚态物理,电子、光学和磁性材料,13,1.74
东北林业大学 ,20,化学,聚合物和塑料,12,1.61
华南师范大学,1,电气与电子工程,电子、光学和磁性材料,50,5.78
华南师范大学,2,电气与电子工程,原子与分子物理学、光学,50,5.78
华南师范大学,3,原子与分子物理学、光学,电子、光学和磁性材料,43,4.97
华南师范大学,4,凝聚态物理,电子、光学和磁性材料,40,4.62
华南师范大学,5,凝聚态物理,材料科学,34,3.93
华南师范大学,6,电化学,化学工程,29,3.35
华南师范大学,7,化学,材料科学,26,3.01
华南师范大学,8,凝聚态物理,电气与电子工程,25,2.89
华南师范大学,9,化学,化学工程,22,2.54
华南师范大学,10,电气与电子工程,物理与理论化学,22,2.54
华南师范大学,11,化学,凝聚态物理,21,2.43
华南师范大学,12,仪器仪表,原子与分子物理学、光学,20,2.31
华南师范大学,13,电子、光学和磁性材料,材料化学,20,2.31
华南师范大学,14,电气与电子工程,仪器仪表,20,2.31
华南师范大学,15,机械工程,材料力学,18,2.08
华南师范大学,16,凝聚态物理,材料化学,18,2.08
华南师范大学,17,电子、光学和磁性材料,表面，涂料和薄膜,16,1.85
华南师范大学,18,物理与理论化学,电子、光学和磁性材料,15,1.73
华南师范大学,19,凝聚态物理,仪器仪表,15,1.73
华南师范大学,20,凝聚态物理,原子与分子物理学、光学,15,1.73
北京中医药大学,1,药理学（医学）,补充和替代医学,73,18.30
北京中医药大学,2,补充和替代医学,药物发现,39,9.77
北京中医药大学,3,药理学（医学）,药理学、毒理学、药剂学（所有）,39,9.77
北京中医药大学,4,药物发现,制药科学,36,9.02
北京中医药大学,5,补充和替代医学,药理学、毒理学、药剂学（所有）,33,8.27
北京中医药大学,6,补充和替代医学,制药科学,29,7.27
北京中医药大学,7,药物发现,药理学,28,7.02
北京中医药大学,8,药理学（医学）,医学,26,6.52
北京中医药大学,9,药理学、毒理学、药剂学（所有）,医学,25,6.27
北京中医药大学,10,补充和替代医学,医学,24,6.02
北京中医药大学,11,制药科学,药理学,21,5.26
北京中医药大学,12,药理学（医学）,制药科学,20,5.01
北京中医药大学,13,有机化学,医学,20,5.01
北京中医药大学,14,药理学（医学）,药物发现,19,4.76
北京中医药大学,15,分析化学,有机化学,16,4.01
北京中医药大学,16,分析化学,生物化学,16,4.01
北京中医药大学,17,分析化学,药物发现,12,3.01
北京中医药大学,18,分析化学,制药科学,12,3.01
北京中医药大学,19,有机化学,药物发现,12,3.01
北京中医药大学,20,分子医学,制药科学,11,2.76
中南大学,1,材料化学,金属与合金,491,9.52
中南大学,2,凝聚态物理,材料化学,384,7.45
中南大学,3,凝聚态物理,金属与合金,381,7.39
中南大学,4,机械工程,材料力学,314,6.09
中南大学,5,岩土工程和工程地质学,金属与合金,202,3.92
中南大学,6,凝聚态物理,岩土工程和工程地质学,198,3.84
中南大学,7,岩土工程和工程地质学,材料化学,197,3.82
中南大学,8,材料力学,材料科学,197,3.82
中南大学,9,凝聚态物理,材料科学,189,3.67
中南大学,10,凝聚态物理,材料力学,183,3.55
中南大学,11,机械工程,材料科学,181,3.51
中南大学,12,材料力学,金属与合金,171,3.32
中南大学,13,肿瘤,癌症研究,146,2.83
中南大学,14,生物化学、遗传学和分子生物学,医学,125,2.42
中南大学,15,凝聚态物理,机械工程,117,2.27
中南大学,16,材料力学,材料化学,116,2.25
中南大学,17,化学,化学工程,113,2.19
中南大学,18,分子生物学,生物化学,97,1.88
中南大学,19,机械工程,金属与合金,94,1.82
中南大学,20,计算机科学应用,控制与系统工程,92,1.78
东华大学,1,化学,化学工程,97,8.75
东华大学,2,机械工程,材料力学,80,7.21
东华大学,3,材料力学,材料科学,76,6.85
东华大学,4,机械工程,材料科学,69,6.22
东华大学,5,凝聚态物理,材料科学,67,6.04
东华大学,6,工业与制造工程,聚合物和塑料,59,5.32
东华大学,7,化学,材料科学,55,4.96
东华大学,8,材料化学,聚合物和塑料,51,4.60
东华大学,9,凝聚态物理,材料力学,49,4.42
东华大学,10,凝聚态物理,机械工程,46,4.15
东华大学,11,化学,聚合物和塑料,40,3.61
东华大学,12,材料科学（其它）,聚合物和塑料,37,3.34
东华大学,13,材料化学,表面，涂料和薄膜,37,3.34
东华大学,14,聚合物和塑料,化学工程（其它）,37,3.34
东华大学,15,化学,材料化学,34,3.07
东华大学,16,环境工程,废物管理和处置,31,2.80
东华大学,17,凝聚态物理,化学,31,2.80
东华大学,18,材料科学,生物医学工程,31,2.80
东华大学,19,有机化学,聚合物和塑料,30,2.71
东华大学,20,计算机科学应用,控制与系统工程,28,2.52
西南大学,1,化学,化学工程,69,3.60
西南大学,2,电子、光学和磁性材料,材料化学,59,3.07
西南大学,3,电子、光学和磁性材料,表面，涂料和薄膜,58,3.02
西南大学,4,分子生物学,遗传学,43,2.24
西南大学,5,凝聚态物理,电子、光学和磁性材料,43,2.24
西南大学,6,电气与电子工程,电子、光学和磁性材料,41,2.14
西南大学,7,材料化学,金属与合金,41,2.14
西南大学,8,机械工程,材料力学,38,1.98
西南大学,9,电子、光学和磁性材料,金属与合金,38,1.98
西南大学,10,材料化学,表面，涂料和薄膜,38,1.98
西南大学,11,凝聚态物理,材料科学,38,1.98
西南大学,12,生态学、进化、行为及分类,生态学,37,1.93
西南大学,13,凝聚态物理,材料化学,37,1.93
西南大学,14,化学,材料化学,36,1.88
西南大学,15,分子生物学,生物化学,36,1.88
西南大学,16,凝聚态物理,电气与电子工程,36,1.88
西南大学,17,金属与合金,表面，涂料和薄膜,35,1.82
西南大学,18,生物工艺学,生物医学工程,34,1.77
西南大学,19,计算机科学应用,控制与系统工程,33,1.72
西南大学,20,环境化学,污染,32,1.67
河北民族师范学院,1,骨科,物理疗法，运动疗法与康复,1,20.00
河北民族师范学院,2,材料科学,无机化学,1,20.00
河北民族师范学院,3,电气与电子工程,电子、光学和磁性材料,1,20.00
河北民族师范学院,4,表面和界面,电子、光学和磁性材料,1,20.00
河北民族师范学院,5,表面和界面,材料化学,1,20.00
河北民族师范学院,6,表面和界面,金属与合金,1,20.00
河北民族师范学院,7,电子、光学和磁性材料,材料化学,1,20.00
河北民族师范学院,8,电子、光学和磁性材料,金属与合金,1,20.00
河北民族师范学院,9,表面和界面,表面，涂料和薄膜,1,20.00
河北民族师范学院,10,材料化学,金属与合金,1,20.00
河北民族师范学院,11,电子、光学和磁性材料,表面，涂料和薄膜,1,20.00
河北民族师范学院,12,材料化学,表面，涂料和薄膜,1,20.00
河北民族师范学院,13,金属与合金,表面，涂料和薄膜,1,20.00
河北民族师范学院,14,化学,化学工程,1,20.00
黑龙江八一农垦大学,1,应用微生物学与生物技术,生物工艺学,19,13.48
黑龙江八一农垦大学,2,生物化学,生物工艺学,18,12.77
黑龙江八一农垦大学,3,应用微生物学与生物技术,生物化学,17,12.06
黑龙江八一农垦大学,4,免疫学,生物化学,17,12.06
黑龙江八一农垦大学,5,免疫学,生物工艺学,17,12.06
黑龙江八一农垦大学,6,应用微生物学与生物技术,免疫学,17,12.06
黑龙江八一农垦大学,7,分子生物学,遗传学,6,4.26
黑龙江八一农垦大学,8,机械工程,农业和生物科学,6,4.26
黑龙江八一农垦大学,9,生物化学、遗传学和分子生物学,农业和生物科学,4,2.84
黑龙江八一农垦大学,10,仪器仪表,光谱学,4,2.84
黑龙江八一农垦大学,11,生物化学、遗传学和分子生物学,医学,4,2.84
黑龙江八一农垦大学,12,农业和生物科学,医学,4,2.84
黑龙江八一农垦大学,13,微生物学,传染病,3,2.13
黑龙江八一农垦大学,14,食品科学,生物工艺学,3,2.13
黑龙江八一农垦大学,15,可食用动物,动物科学与动物学,3,2.13
黑龙江八一农垦大学,16,植物科学,农作物科学,3,2.13
黑龙江八一农垦大学,17,软件,建模与仿真,3,2.13
黑龙江八一农垦大学,18,工程,地球与行星科学,2,1.42
黑龙江八一农垦大学,19,生物化学,遗传学,2,1.42
黑龙江八一农垦大学,20,细胞生物学,发育生物学,2,1.42
常州大学,1,化学,化学工程,53,9.14
常州大学,2,机械工程,材料力学,52,8.97
常州大学,3,材料化学,金属与合金,45,7.76
常州大学,4,凝聚态物理,材料化学,37,6.38
常州大学,5,电子、光学和磁性材料,材料化学,34,5.86
常州大学,6,凝聚态物理,材料科学,32,5.52
常州大学,7,材料力学,材料科学,32,5.52
常州大学,8,材料化学,表面，涂料和薄膜,32,5.52
常州大学,9,机械工程,材料科学,30,5.17
常州大学,10,凝聚态物理,机械工程,29,5.00
常州大学,11,电气与电子工程,电子、光学和磁性材料,28,4.83
常州大学,12,化学,材料化学,26,4.48
常州大学,13,凝聚态物理,材料力学,26,4.48
常州大学,14,电子、光学和磁性材料,表面，涂料和薄膜,24,4.14
常州大学,15,凝聚态物理,电子、光学和磁性材料,23,3.97
常州大学,16,化学,材料科学,21,3.62
常州大学,17,电子、光学和磁性材料,金属与合金,20,3.45
常州大学,18,凝聚态物理,电气与电子工程,18,3.10
常州大学,19,化学,凝聚态物理,18,3.10
常州大学,20,陶瓷和复合材料,材料化学,18,3.10
攀枝花学院,1,凝聚态物理,材料科学,5,13.16
攀枝花学院,2,凝聚态物理,电气与电子工程,4,10.53
攀枝花学院,3,化学,材料科学,3,7.89
攀枝花学院,4,凝聚态物理,材料力学,3,7.89
攀枝花学院,5,机械工程,材料力学,3,7.89
攀枝花学院,6,凝聚态物理,计算数学,3,7.89
攀枝花学院,7,电气与电子工程,计算数学,3,7.89
攀枝花学院,8,化学,凝聚态物理,3,7.89
攀枝花学院,9,化学,电气与电子工程,3,7.89
攀枝花学院,10,软件,建模与仿真,3,7.89
攀枝花学院,11,电气与电子工程,材料科学,3,7.89
攀枝花学院,12,化学,计算数学,3,7.89
攀枝花学院,13,材料科学,计算数学,3,7.89
攀枝花学院,14,工程（其它）,土木与结构工程,2,5.26
攀枝花学院,15,工程（其它）,计算力学,2,5.26
攀枝花学院,16,机械工程,工程（其它）,2,5.26
攀枝花学院,17,土木与结构工程,计算力学,2,5.26
攀枝花学院,18,机械工程,土木与结构工程,2,5.26
攀枝花学院,19,机械工程,计算力学,2,5.26
攀枝花学院,20,凝聚态物理,机械工程,2,5.26
西藏大学,1,生态学、进化、行为及分类,生态学,5,20.00
西藏大学,2,分子生物学,遗传学,4,16.00
西藏大学,3,药理学、毒理学、药剂学（所有）,兽医（所有）,1,4.00
西藏大学,4,全球和行星变化,自然与景观保护,1,4.00
西藏大学,5,生物化学、遗传学和分子生物学,医学,1,4.00
西藏大学,6,昆虫科学,农作物科学,1,4.00
西藏大学,7,植物科学,农作物科学,1,4.00
西藏大学,8,土壤学,农作物科学,1,4.00
西藏大学,9,植物科学,土壤学,1,4.00
西藏大学,10,电气与电子工程,控制与系统工程,1,4.00
西藏大学,11,生理学,遗传学,1,4.00
西藏大学,12,工业与制造工程,机械工程,1,4.00
西藏大学,13,工业与制造工程,材料力学,1,4.00
西藏大学,14,药理学、毒理学、药剂学（所有）,医学,1,4.00
西藏大学,15,机械工程,材料力学,1,4.00
西藏大学,16,人工智能,控制与系统工程,1,4.00
西藏大学,17,电气与电子工程,人工智能,1,4.00
西藏大学,18,计算机网络与通信,控制与系统工程,1,4.00
西藏大学,19,电气与电子工程,计算机网络与通信,1,4.00
西藏大学,20,计算机科学应用,控制与系统工程,1,4.00
重庆师范大学,1,凝聚态物理,电子、光学和磁性材料,11,7.01
重庆师范大学,2,凝聚态物理,电气与电子工程,10,6.37
重庆师范大学,3,电气与电子工程,电子、光学和磁性材料,9,5.73
重庆师范大学,4,分析,应用数学,7,4.46
重庆师范大学,5,应用数学,计算数学,7,4.46
重庆师范大学,6,生态学、进化、行为及分类,生态学,7,4.46
重庆师范大学,7,应用数学,控制与优化,6,3.82
重庆师范大学,8,生态学、进化、行为及分类,昆虫科学,6,3.82
重庆师范大学,9,电气与电子工程,应用数学,6,3.82
重庆师范大学,10,凝聚态物理,材料科学,6,3.82
重庆师范大学,11,化学,材料科学,5,3.18
重庆师范大学,12,化学,凝聚态物理,5,3.18
重庆师范大学,13,生态学、进化、行为及分类,农作物科学,5,3.18
重庆师范大学,14,昆虫科学,农作物科学,5,3.18
重庆师范大学,15,电气与电子工程,控制与系统工程,5,3.18
重庆师范大学,16,电气与电子工程,计算机科学应用,5,3.18
重庆师范大学,17,生物化学、遗传学和分子生物学,农作物科学,5,3.18
重庆师范大学,18,生态学、进化、行为及分类,生物化学、遗传学和分子生物学,5,3.18
重庆师范大学,19,生物化学、遗传学和分子生物学,昆虫科学,5,3.18
重庆师范大学,20,凝聚态物理,应用数学,4,2.55
西安工程大学,1,生物材料,生物工程,35,24.48
西安工程大学,2,电气与电子工程,能源工程与电力技术,14,9.79
西安工程大学,3,电气与电子工程,电子、光学和磁性材料,9,6.29
西安工程大学,4,凝聚态物理,材料化学,7,4.90
西安工程大学,5,电气与电子工程,安全、风险、可靠性和质量,6,4.20
西安工程大学,6,安全、风险、可靠性和质量,能源工程与电力技术,6,4.20
西安工程大学,7,原子与分子物理学、光学,电子、光学和磁性材料,6,4.20
西安工程大学,8,环境化学,环境工程,5,3.50
西安工程大学,9,环境化学,污染,5,3.50
西安工程大学,10,环境工程,污染,5,3.50
西安工程大学,11,环境化学,废物管理和处置,5,3.50
西安工程大学,12,环境工程,废物管理和处置,5,3.50
西安工程大学,13,环境化学,水科学与技术,5,3.50
西安工程大学,14,环境工程,水科学与技术,5,3.50
西安工程大学,15,污染,废物管理和处置,5,3.50
西安工程大学,16,污染,水科学与技术,5,3.50
西安工程大学,17,废物管理和处置,水科学与技术,5,3.50
西安工程大学,18,电子、光学和磁性材料,材料化学,5,3.50
西安工程大学,19,材料化学,金属与合金,5,3.50
西安工程大学,20,凝聚态物理,电子、光学和磁性材料,5,3.50
渤海大学,1,计算机科学应用,控制与系统工程,39,11.37
渤海大学,2,人工智能,计算机科学应用,38,11.08
渤海大学,3,人工智能,控制与系统工程,27,7.87
渤海大学,4,电气与电子工程,控制与系统工程,23,6.71
渤海大学,5,认知神经科学,人工智能,21,6.12
渤海大学,6,认知神经科学,计算机科学应用,21,6.12
渤海大学,7,信号处理,控制与系统工程,19,5.54
渤海大学,8,物理与理论化学,材料化学,18,5.25
渤海大学,9,应用数学,控制与系统工程,18,5.25
渤海大学,10,电气与电子工程,计算机科学应用,16,4.66
渤海大学,11,无机化学,物理与理论化学,15,4.37
渤海大学,12,软件,计算机科学应用,15,4.37
渤海大学,13,无机化学,材料化学,14,4.08
渤海大学,14,软件,控制与系统工程,14,4.08
渤海大学,15,建模与仿真,计算机科学应用,13,3.79
渤海大学,16,人工智能,信号处理,13,3.79
渤海大学,17,建模与仿真,控制与系统工程,12,3.50
渤海大学,18,人工智能,控制与优化,12,3.50
渤海大学,19,软件,人工智能,12,3.50
渤海大学,20,控制与优化,控制与系统工程,11,3.21
重庆大学,1,机械工程,材料力学,320,9.94
重庆大学,2,电气与电子工程,能源工程与电力技术,177,5.50
重庆大学,3,材料力学,材料科学,177,5.50
重庆大学,4,机械工程,材料科学,166,5.16
重庆大学,5,凝聚态物理,材料科学,166,5.16
重庆大学,6,凝聚态物理,材料力学,149,4.63
重庆大学,7,凝聚态物理,机械工程,144,4.47
重庆大学,8,材料化学,金属与合金,137,4.25
重庆大学,9,电气与电子工程,电子、光学和磁性材料,126,3.91
重庆大学,10,电气与电子工程,控制与系统工程,109,3.39
重庆大学,11,凝聚态物理,电气与电子工程,108,3.35
重庆大学,12,计算机科学应用,控制与系统工程,107,3.32
重庆大学,13,材料力学,金属与合金,102,3.17
重庆大学,14,凝聚态物理,电子、光学和磁性材料,97,3.01
重庆大学,15,凝聚态物理,材料化学,95,2.95
重庆大学,16,建造与施工,土木与结构工程,90,2.80
重庆大学,17,材料力学,材料化学,75,2.33
重庆大学,18,电子、光学和磁性材料,材料化学,74,2.30
重庆大学,19,软件,计算机科学应用,73,2.27
重庆大学,20,电气与电子工程,原子与分子物理学、光学,72,2.24
