name,subject,x,y
清华大学,聚合物、塑料,1695,2.12
清华大学,药物,545,2.00
清华大学,农药,67,2.23
清华大学,食品、洗涤剂、水处理、生物技术,439,2.09
清华大学,一般化学,644,2.16
清华大学,纺织和造纸,49,2.07
清华大学,印刷、涂料、照相,9,2.29
清华大学,石油,84,2.04
清华大学,化学工程,291,2.24
清华大学,核子能、爆破、防护,169,2.36
清华大学,耐火材料、玻璃、陶瓷、（无机）有机电化学,1115,2.06
清华大学,冶金,240,2.40
清华大学,其他,623,2.00
清华大学,机械工程,732,3.31
清华大学,仪器、测量和测试,2831,2.37
清华大学,计算机和控制,3107,2.25
清华大学,半导体和电路,744,2.02
清华大学,电子元件,460,2.11
清华大学,通讯,846,-0.42
清华大学,电力工程,460,2.25
厦门大学,聚合物、塑料,684,2.47
厦门大学,药物,517,2.33
厦门大学,农药,57,-1.35
厦门大学,食品、洗涤剂、水处理、生物技术,533,2.30
厦门大学,一般化学,391,2.30
厦门大学,纺织和造纸,108,2.60
厦门大学,印刷、涂料、照相,72,2.46
厦门大学,石油,72,2.35
厦门大学,化学工程,309,2.44
厦门大学,核子能、爆破、防护,24,3.04
厦门大学,耐火材料、玻璃、陶瓷、（无机）有机电化学,313,2.38
厦门大学,冶金,145,2.38
厦门大学,催化剂,138,2.36
厦门大学,其他,221,4.66
厦门大学,机械工程,163,3.62
厦门大学,仪器、测量和测试,691,2.65
厦门大学,计算机和控制,624,2.55
厦门大学,半导体和电路,265,2.36
厦门大学,电子元件,247,2.51
厦门大学,通讯,387,2.31
厦门大学,电力工程,460,2.43
南京大学,聚合物、塑料,592,2.30
南京大学,药物,650,2.19
南京大学,农药,60,2.45
南京大学,食品、洗涤剂、水处理、生物技术,785,2.31
南京大学,一般化学,522,2.35
南京大学,纺织和造纸,15,2.57
南京大学,印刷、涂料、照相,39,2.11
南京大学,石油,30,2.18
南京大学,化学工程,352,2.26
南京大学,核子能、爆破、防护,5,2.48
南京大学,耐火材料、玻璃、陶瓷、（无机）有机电化学,292,2.20
南京大学,冶金,76,2.45
南京大学,催化剂,114,2.24
南京大学,其他,252,2.00
南京大学,机械工程,90,4.13
南京大学,仪器、测量和测试,604,2.45
南京大学,计算机和控制,955,2.40
南京大学,半导体和电路,305,2.14
南京大学,电子元件,288,2.40
南京大学,通讯,344,2.25
南京大学,电力工程,247,2.37
天津大学,聚合物、塑料,1455,2.47
天津大学,药物,592,2.33
天津大学,农药,86,2.46
天津大学,食品、洗涤剂、水处理、生物技术,973,2.42
天津大学,一般化学,1134,2.39
天津大学,纺织和造纸,70,2.58
天津大学,印刷、涂料、照相,126,2.73
天津大学,石油,239,2.15
天津大学,化学工程,864,2.38
天津大学,核子能、爆破、防护,6,2.00
天津大学,耐火材料、玻璃、陶瓷、（无机）有机电化学,739,2.46
天津大学,冶金,490,2.72
天津大学,催化剂,287,2.19
天津大学,其他,664,2.00
天津大学,机械工程,1021,3.53
天津大学,仪器、测量和测试,2119,2.65
天津大学,计算机和控制,2659,2.57
天津大学,半导体和电路,937,2.52
天津大学,电子元件,756,2.49
天津大学,通讯,1122,2.50
天津大学,电力工程,1515,2.54
浙江大学,聚合物、塑料,2458,2.35
浙江大学,药物,1765,2.29
浙江大学,农药,525,2.46
浙江大学,食品、洗涤剂、水处理、生物技术,2568,2.39
浙江大学,一般化学,1425,2.36
浙江大学,纺织和造纸,187,2.49
浙江大学,印刷、涂料、照相,150,2.44
浙江大学,石油,218,2.36
浙江大学,化学工程,1263,2.42
浙江大学,核子能、爆破、防护,17,2.16
浙江大学,耐火材料、玻璃、陶瓷、（无机）有机电化学,933,2.35
浙江大学,冶金,360,2.46
浙江大学,催化剂,465,2.32
浙江大学,其他,1570,4.77
浙江大学,机械工程,1399,3.29
浙江大学,仪器、测量和测试,3568,2.43
浙江大学,计算机和控制,4070,2.31
浙江大学,半导体和电路,1214,2.25
浙江大学,电子元件,1295,2.35
浙江大学,通讯,1536,2.13
浙江大学,电力工程,2703,2.41
西安交通大学,聚合物、塑料,732,2.44
西安交通大学,药物,388,2.54
西安交通大学,农药,20,2.36
西安交通大学,食品、洗涤剂、水处理、生物技术,369,2.58
西安交通大学,一般化学,213,2.16
西安交通大学,纺织和造纸,25,2.51
西安交通大学,印刷、涂料、照相,48,2.86
西安交通大学,石油,91,2.24
西安交通大学,化学工程,333,2.56
西安交通大学,核子能、爆破、防护,40,3.04
西安交通大学,耐火材料、玻璃、陶瓷、（无机）有机电化学,359,2.21
西安交通大学,冶金,412,2.54
西安交通大学,催化剂,62,2.58
西安交通大学,其他,679,2.00
西安交通大学,机械工程,601,3.65
西安交通大学,仪器、测量和测试,1784,2.61
西安交通大学,计算机和控制,1772,2.48
西安交通大学,半导体和电路,609,2.32
西安交通大学,电子元件,634,2.59
西安交通大学,通讯,701,2.24
西安交通大学,电力工程,1346,2.48
东南大学,聚合物、塑料,1103,2.32
东南大学,药物,587,2.48
东南大学,农药,27,2.57
东南大学,食品、洗涤剂、水处理、生物技术,657,2.39
东南大学,一般化学,472,2.48
东南大学,纺织和造纸,67,2.37
东南大学,印刷、涂料、照相,130,2.57
东南大学,石油,154,2.29
东南大学,化学工程,508,2.48
东南大学,核子能、爆破、防护,11,2.11
东南大学,耐火材料、玻璃、陶瓷、（无机）有机电化学,577,2.34
东南大学,冶金,242,2.65
东南大学,催化剂,112,2.39
东南大学,其他,452,2.00
东南大学,机械工程,1194,3.68
东南大学,仪器、测量和测试,2596,2.44
东南大学,计算机和控制,3317,2.46
东南大学,半导体和电路,1504,2.31
东南大学,电子元件,913,2.35
东南大学,通讯,2081,2.13
东南大学,电力工程,1846,2.47
上海交通大学,聚合物、塑料,1450,2.33
上海交通大学,药物,1399,2.32
上海交通大学,农药,338,2.37
上海交通大学,食品、洗涤剂、水处理、生物技术,1628,2.38
上海交通大学,一般化学,572,2.39
上海交通大学,纺织和造纸,71,2.56
上海交通大学,印刷、涂料、照相,95,2.59
上海交通大学,石油,90,2.22
上海交通大学,化学工程,467,2.33
上海交通大学,核子能、爆破、防护,33,2.85
上海交通大学,耐火材料、玻璃、陶瓷、（无机）有机电化学,608,2.37
上海交通大学,冶金,584,2.49
上海交通大学,催化剂,147,2.12
上海交通大学,其他,1114,5.36
上海交通大学,机械工程,774,3.15
上海交通大学,仪器、测量和测试,1996,2.42
上海交通大学,计算机和控制,2628,2.28
上海交通大学,半导体和电路,847,2.29
上海交通大学,电子元件,738,2.48
上海交通大学,通讯,1365,2.11
上海交通大学,电力工程,1636,2.40
山东大学,聚合物、塑料,964,2.38
山东大学,药物,758,2.33
山东大学,农药,125,2.20
山东大学,食品、洗涤剂、水处理、生物技术,883,2.43
山东大学,一般化学,504,2.40
山东大学,纺织和造纸,150,2.73
山东大学,印刷、涂料、照相,45,2.63
山东大学,石油,122,2.12
山东大学,化学工程,413,2.63
山东大学,核子能、爆破、防护,8,2.51
山东大学,耐火材料、玻璃、陶瓷、（无机）有机电化学,367,2.33
山东大学,冶金,276,2.48
山东大学,催化剂,93,2.30
山东大学,其他,614,2.00
山东大学,机械工程,856,3.35
山东大学,仪器、测量和测试,1497,2.66
山东大学,计算机和控制,1487,2.65
山东大学,半导体和电路,468,2.53
山东大学,电子元件,580,2.54
山东大学,通讯,615,2.43
山东大学,电力工程,1136,2.74
吉林大学,聚合物、塑料,1197,2.45
吉林大学,药物,849,2.49
吉林大学,农药,146,2.39
吉林大学,食品、洗涤剂、水处理、生物技术,859,2.52
吉林大学,一般化学,500,2.48
吉林大学,纺织和造纸,88,2.70
吉林大学,印刷、涂料、照相,105,2.41
吉林大学,石油,134,2.50
吉林大学,化学工程,388,2.52
吉林大学,核子能、爆破、防护,3,2.00
吉林大学,耐火材料、玻璃、陶瓷、（无机）有机电化学,415,2.34
吉林大学,冶金,201,2.55
吉林大学,催化剂,94,2.60
吉林大学,其他,1053,2.00
吉林大学,机械工程,1170,3.12
吉林大学,仪器、测量和测试,2341,2.58
吉林大学,计算机和控制,1665,2.59
吉林大学,半导体和电路,432,2.40
吉林大学,电子元件,699,2.59
吉林大学,通讯,625,2.57
吉林大学,电力工程,1667,2.49
电子科技大学,聚合物、塑料,434,2.37
电子科技大学,药物,84,2.72
电子科技大学,农药,5,2.00
电子科技大学,食品、洗涤剂、水处理、生物技术,83,2.65
电子科技大学,一般化学,132,2.60
电子科技大学,纺织和造纸,10,2.85
电子科技大学,印刷、涂料、照相,46,-0.88
电子科技大学,石油,9,3.28
电子科技大学,化学工程,110,2.50
电子科技大学,核子能、爆破、防护,5,3.08
电子科技大学,耐火材料、玻璃、陶瓷、（无机）有机电化学,800,2.38
电子科技大学,冶金,144,2.68
电子科技大学,催化剂,10,2.76
电子科技大学,其他,292,2.00
电子科技大学,机械工程,167,3.85
电子科技大学,仪器、测量和测试,1151,2.57
电子科技大学,计算机和控制,2643,2.54
电子科技大学,半导体和电路,1641,2.44
电子科技大学,电子元件,769,2.40
电子科技大学,通讯,2459,2.51
电子科技大学,电力工程,694,2.52
四川大学,聚合物、塑料,1365,2.47
四川大学,药物,892,2.42
四川大学,农药,112,2.37
四川大学,食品、洗涤剂、水处理、生物技术,905,2.48
四川大学,一般化学,473,2.42
四川大学,纺织和造纸,145,2.46
四川大学,印刷、涂料、照相,79,3.26
四川大学,石油,53,2.34
四川大学,化学工程,263,2.48
四川大学,核子能、爆破、防护,14,2.74
四川大学,耐火材料、玻璃、陶瓷、（无机）有机电化学,260,2.26
四川大学,冶金,390,2.60
四川大学,催化剂,127,-2.00
四川大学,其他,833,2.00
四川大学,机械工程,435,3.55
四川大学,仪器、测量和测试,916,2.60
四川大学,计算机和控制,899,2.54
四川大学,半导体和电路,182,2.51
四川大学,电子元件,280,-1.30
四川大学,通讯,325,2.35
四川大学,电力工程,565,2.76
兰州大学,聚合物、塑料,216,2.28
兰州大学,药物,238,2.09
兰州大学,农药,71,2.65
兰州大学,食品、洗涤剂、水处理、生物技术,206,2.28
兰州大学,一般化学,144,2.64
兰州大学,纺织和造纸,16,2.88
兰州大学,印刷、涂料、照相,18,2.33
兰州大学,石油,5,2.00
兰州大学,化学工程,111,2.45
兰州大学,核子能、爆破、防护,7,2.40
兰州大学,耐火材料、玻璃、陶瓷、（无机）有机电化学,50,2.21
兰州大学,冶金,30,2.50
兰州大学,催化剂,49,2.22
兰州大学,其他,264,2.00
兰州大学,机械工程,53,2.00
兰州大学,仪器、测量和测试,363,2.43
兰州大学,计算机和控制,167,2.65
兰州大学,半导体和电路,99,2.46
兰州大学,电子元件,74,2.58
兰州大学,通讯,100,-1.94
兰州大学,电力工程,61,2.89
哈尔滨工业大学,聚合物、塑料,1561,2.44
哈尔滨工业大学,药物,305,2.60
哈尔滨工业大学,农药,37,2.27
哈尔滨工业大学,食品、洗涤剂、水处理、生物技术,905,2.43
哈尔滨工业大学,一般化学,726,2.42
哈尔滨工业大学,纺织和造纸,169,2.38
哈尔滨工业大学,印刷、涂料、照相,119,2.78
哈尔滨工业大学,石油,117,2.42
哈尔滨工业大学,化学工程,444,2.62
哈尔滨工业大学,核子能、爆破、防护,23,3.22
哈尔滨工业大学,耐火材料、玻璃、陶瓷、（无机）有机电化学,882,2.45
哈尔滨工业大学,冶金,914,2.60
哈尔滨工业大学,催化剂,105,-2.00
哈尔滨工业大学,其他,909,5.11
哈尔滨工业大学,机械工程,814,3.19
哈尔滨工业大学,仪器、测量和测试,2310,2.51
哈尔滨工业大学,计算机和控制,2694,2.48
哈尔滨工业大学,半导体和电路,867,2.25
哈尔滨工业大学,电子元件,1496,2.57
哈尔滨工业大学,通讯,1683,2.46
哈尔滨工业大学,电力工程,2077,2.34
华南理工大学,聚合物、塑料,2428,2.49
华南理工大学,药物,640,2.29
华南理工大学,农药,140,2.28
华南理工大学,食品、洗涤剂、水处理、生物技术,1659,2.40
华南理工大学,一般化学,919,2.64
华南理工大学,纺织和造纸,476,2.65
华南理工大学,印刷、涂料、照相,342,2.99
华南理工大学,石油,190,2.21
华南理工大学,化学工程,676,2.54
华南理工大学,核子能、爆破、防护,8,2.00
华南理工大学,耐火材料、玻璃、陶瓷、（无机）有机电化学,972,2.61
华南理工大学,冶金,589,2.58
华南理工大学,催化剂,254,-2.00
华南理工大学,其他,1037,2.00
华南理工大学,机械工程,1119,3.41
华南理工大学,仪器、测量和测试,1755,2.56
华南理工大学,计算机和控制,2945,2.44
华南理工大学,半导体和电路,1605,2.56
华南理工大学,电子元件,828,2.62
华南理工大学,通讯,1555,2.50
华南理工大学,电力工程,2681,2.51
西北工业大学,聚合物、塑料,449,2.47
西北工业大学,药物,53,2.15
西北工业大学,农药,1,2.74
西北工业大学,食品、洗涤剂、水处理、生物技术,19,2.39
西北工业大学,一般化学,72,2.72
西北工业大学,纺织和造纸,13,2.81
西北工业大学,印刷、涂料、照相,5,2.74
西北工业大学,石油,4,2.68
西北工业大学,化学工程,13,2.67
西北工业大学,核子能、爆破、防护,3,-2.08
西北工业大学,耐火材料、玻璃、陶瓷、（无机）有机电化学,133,2.58
西北工业大学,冶金,223,2.56
西北工业大学,其他,197,2.00
西北工业大学,机械工程,408,2.81
西北工业大学,仪器、测量和测试,659,2.49
西北工业大学,计算机和控制,1302,2.54
西北工业大学,半导体和电路,87,2.41
西北工业大学,电子元件,110,2.49
西北工业大学,通讯,294,2.58
西北工业大学,电力工程,82,2.68
同济大学,聚合物、塑料,1127,2.44
同济大学,药物,400,2.54
同济大学,农药,46,2.52
同济大学,食品、洗涤剂、水处理、生物技术,863,2.48
同济大学,一般化学,520,2.48
同济大学,纺织和造纸,51,2.41
同济大学,印刷、涂料、照相,49,2.30
同济大学,石油,78,2.18
同济大学,化学工程,355,2.50
同济大学,核子能、爆破、防护,14,2.21
同济大学,耐火材料、玻璃、陶瓷、（无机）有机电化学,482,2.42
同济大学,冶金,143,2.59
同济大学,催化剂,102,2.44
同济大学,其他,556,2.00
同济大学,机械工程,1070,3.52
同济大学,仪器、测量和测试,1156,2.62
同济大学,计算机和控制,1353,2.58
同济大学,半导体和电路,167,2.35
同济大学,电子元件,317,2.63
同济大学,通讯,490,2.41
同济大学,电力工程,943,2.53
北京大学,聚合物、塑料,656,2.33
北京大学,药物,1011,2.42
北京大学,农药,83,2.36
北京大学,食品、洗涤剂、水处理、生物技术,787,2.38
北京大学,一般化学,293,2.39
北京大学,纺织和造纸,26,2.36
北京大学,印刷、涂料、照相,31,2.49
北京大学,石油,20,2.23
北京大学,化学工程,230,2.50
北京大学,核子能、爆破、防护,17,2.28
北京大学,耐火材料、玻璃、陶瓷、（无机）有机电化学,622,2.35
北京大学,冶金,98,2.43
北京大学,催化剂,88,2.35
北京大学,其他,1172,4.80
北京大学,机械工程,117,3.33
北京大学,仪器、测量和测试,1159,2.50
北京大学,计算机和控制,1607,2.21
北京大学,半导体和电路,919,2.38
北京大学,电子元件,364,2.45
北京大学,通讯,763,2.19
北京大学,电力工程,268,2.21
中国科学技术大学,聚合物、塑料,401,2.55
中国科学技术大学,药物,163,2.38
中国科学技术大学,农药,21,2.83
中国科学技术大学,食品、洗涤剂、水处理、生物技术,185,2.62
中国科学技术大学,一般化学,253,2.59
中国科学技术大学,纺织和造纸,24,2.42
中国科学技术大学,印刷、涂料、照相,29,2.49
中国科学技术大学,石油,26,2.23
中国科学技术大学,化学工程,172,2.68
中国科学技术大学,核子能、爆破、防护,50,2.72
中国科学技术大学,耐火材料、玻璃、陶瓷、（无机）有机电化学,184,2.57
中国科学技术大学,冶金,42,2.95
中国科学技术大学,催化剂,97,2.56
中国科学技术大学,其他,175,2.00
中国科学技术大学,机械工程,157,3.33
中国科学技术大学,仪器、测量和测试,557,2.69
中国科学技术大学,计算机和控制,654,2.37
中国科学技术大学,半导体和电路,225,2.56
中国科学技术大学,电子元件,248,2.67
中国科学技术大学,通讯,491,2.04
中国科学技术大学,电力工程,268,2.58
复旦大学,聚合物、塑料,859,2.31
复旦大学,药物,1242,2.22
复旦大学,农药,112,2.30
复旦大学,食品、洗涤剂、水处理、生物技术,852,2.28
复旦大学,一般化学,401,2.27
复旦大学,纺织和造纸,53,2.65
复旦大学,印刷、涂料、照相,66,2.38
复旦大学,石油,26,2.03
复旦大学,化学工程,344,2.22
复旦大学,核子能、爆破、防护,5,2.52
复旦大学,耐火材料、玻璃、陶瓷、（无机）有机电化学,547,2.13
复旦大学,冶金,50,2.38
复旦大学,催化剂,151,2.14
复旦大学,其他,588,4.66
复旦大学,机械工程,120,3.41
复旦大学,仪器、测量和测试,807,2.27
复旦大学,计算机和控制,733,2.22
复旦大学,半导体和电路,656,2.06
复旦大学,电子元件,255,2.09
复旦大学,通讯,332,2.06
复旦大学,电力工程,413,2.25
南开大学,聚合物、塑料,523,2.26
南开大学,药物,526,2.27
南开大学,农药,299,2.32
南开大学,食品、洗涤剂、水处理、生物技术,473,2.51
南开大学,一般化学,459,2.34
南开大学,纺织和造纸,28,2.90
南开大学,印刷、涂料、照相,34,2.78
南开大学,石油,79,2.48
南开大学,化学工程,342,2.67
南开大学,核子能、爆破、防护,3,-2.00
南开大学,耐火材料、玻璃、陶瓷、（无机）有机电化学,239,-0.87
南开大学,冶金,60,2.48
南开大学,催化剂,191,-2.00
南开大学,其他,131,2.00
南开大学,机械工程,56,3.38
南开大学,仪器、测量和测试,331,2.42
南开大学,计算机和控制,291,2.37
南开大学,半导体和电路,166,2.15
南开大学,电子元件,109,2.40
南开大学,通讯,102,2.19
南开大学,电力工程,251,2.28
武汉大学,聚合物、塑料,212,2.45
武汉大学,药物,187,2.43
武汉大学,农药,30,-1.22
武汉大学,食品、洗涤剂、水处理、生物技术,207,2.74
武汉大学,一般化学,117,2.49
武汉大学,纺织和造纸,21,2.27
武汉大学,印刷、涂料、照相,29,3.15
武汉大学,石油,3,2.00
武汉大学,化学工程,76,2.67
武汉大学,核子能、爆破、防护,2,2.00
武汉大学,耐火材料、玻璃、陶瓷、（无机）有机电化学,106,2.33
武汉大学,冶金,75,2.75
武汉大学,催化剂,34,-2.00
武汉大学,其他,65,3.86
武汉大学,机械工程,71,3.41
武汉大学,仪器、测量和测试,383,2.70
武汉大学,计算机和控制,751,2.59
武汉大学,半导体和电路,140,2.50
武汉大学,电子元件,85,2.86
武汉大学,通讯,325,2.13
武汉大学,电力工程,303,3.01
华中科技大学,聚合物、塑料,626,2.49
华中科技大学,药物,405,2.52
华中科技大学,农药,23,2.80
华中科技大学,食品、洗涤剂、水处理、生物技术,348,2.37
华中科技大学,一般化学,240,2.50
华中科技大学,纺织和造纸,45,2.36
华中科技大学,印刷、涂料、照相,21,2.00
华中科技大学,石油,85,2.36
华中科技大学,化学工程,284,2.82
华中科技大学,核子能、爆破、防护,10,2.88
华中科技大学,耐火材料、玻璃、陶瓷、（无机）有机电化学,448,2.39
华中科技大学,冶金,327,2.68
华中科技大学,催化剂,48,-2.00
华中科技大学,其他,821,2.00
华中科技大学,机械工程,508,3.37
华中科技大学,仪器、测量和测试,1643,2.48
华中科技大学,计算机和控制,2353,2.30
华中科技大学,半导体和电路,963,2.32
华中科技大学,电子元件,968,2.24
华中科技大学,通讯,838,-1.48
华中科技大学,电力工程,1430,2.56
中国海洋大学,聚合物、塑料,348,2.45
中国海洋大学,药物,241,2.31
中国海洋大学,农药,30,2.35
中国海洋大学,食品、洗涤剂、水处理、生物技术,187,2.40
中国海洋大学,一般化学,28,2.51
中国海洋大学,印刷、涂料、照相,1,2.50
中国海洋大学,石油,8,2.54
中国海洋大学,化学工程,15,2.47
中国海洋大学,耐火材料、玻璃、陶瓷、（无机）有机电化学,18,2.46
中国海洋大学,冶金,11,-1.46
中国海洋大学,其他,79,2.00
中国海洋大学,机械工程,135,3.05
中国海洋大学,仪器、测量和测试,198,2.39
中国海洋大学,计算机和控制,125,2.41
中国海洋大学,半导体和电路,6,2.44
中国海洋大学,电子元件,7,2.22
中国海洋大学,通讯,38,2.51
中国海洋大学,电力工程,46,2.46
湖南大学,聚合物、塑料,294,2.44
湖南大学,药物,203,2.60
湖南大学,农药,60,2.42
湖南大学,食品、洗涤剂、水处理、生物技术,353,2.70
湖南大学,一般化学,270,2.42
湖南大学,纺织和造纸,25,2.59
湖南大学,印刷、涂料、照相,19,2.33
湖南大学,石油,48,2.29
湖南大学,化学工程,140,2.28
湖南大学,耐火材料、玻璃、陶瓷、（无机）有机电化学,96,2.39
湖南大学,冶金,95,2.54
湖南大学,催化剂,79,2.07
湖南大学,其他,166,2.00
湖南大学,机械工程,308,3.20
湖南大学,仪器、测量和测试,352,2.48
湖南大学,计算机和控制,560,2.41
湖南大学,半导体和电路,253,2.32
湖南大学,电子元件,131,2.32
湖南大学,通讯,156,2.16
湖南大学,电力工程,599,2.57
北京理工大学,聚合物、塑料,469,2.48
北京理工大学,药物,140,2.60
北京理工大学,农药,21,2.38
北京理工大学,食品、洗涤剂、水处理、生物技术,162,2.57
北京理工大学,一般化学,302,2.69
北京理工大学,纺织和造纸,34,2.49
北京理工大学,印刷、涂料、照相,46,2.82
北京理工大学,石油,12,2.70
北京理工大学,化学工程,165,2.76
北京理工大学,核子能、爆破、防护,74,2.81
北京理工大学,耐火材料、玻璃、陶瓷、（无机）有机电化学,224,2.63
北京理工大学,冶金,135,3.12
北京理工大学,催化剂,64,3.16
北京理工大学,其他,324,2.00
北京理工大学,机械工程,346,3.16
北京理工大学,仪器、测量和测试,1147,2.54
北京理工大学,计算机和控制,1826,2.57
北京理工大学,半导体和电路,262,2.33
北京理工大学,电子元件,393,2.42
北京理工大学,通讯,966,2.52
北京理工大学,电力工程,746,2.51
重庆大学,聚合物、塑料,518,2.38
重庆大学,药物,160,2.30
重庆大学,农药,33,2.34
重庆大学,食品、洗涤剂、水处理、生物技术,256,2.43
重庆大学,一般化学,152,2.41
重庆大学,纺织和造纸,14,2.05
重庆大学,印刷、涂料、照相,3,2.48
重庆大学,石油,35,2.42
重庆大学,化学工程,130,2.38
重庆大学,核子能、爆破、防护,4,2.00
重庆大学,耐火材料、玻璃、陶瓷、（无机）有机电化学,92,2.29
重庆大学,冶金,267,2.43
重庆大学,其他,275,2.00
重庆大学,机械工程,527,3.26
重庆大学,仪器、测量和测试,1107,2.45
重庆大学,计算机和控制,1136,2.49
重庆大学,半导体和电路,177,2.42
重庆大学,电子元件,120,2.36
重庆大学,通讯,249,2.49
重庆大学,电力工程,190,2.40
中山大学,聚合物、塑料,594,2.37
中山大学,药物,851,2.36
中山大学,农药,57,2.23
中山大学,食品、洗涤剂、水处理、生物技术,171,2.36
中山大学,一般化学,143,2.28
中山大学,纺织和造纸,5,2.72
中山大学,印刷、涂料、照相,6,2.42
中山大学,石油,11,2.23
中山大学,化学工程,84,2.42
中山大学,核子能、爆破、防护,5,2.88
中山大学,耐火材料、玻璃、陶瓷、（无机）有机电化学,171,2.24
中山大学,冶金,27,2.42
中山大学,其他,279,2.00
中山大学,机械工程,79,3.48
中山大学,仪器、测量和测试,291,2.51
中山大学,计算机和控制,904,2.28
中山大学,半导体和电路,118,2.25
中山大学,电子元件,29,2.21
中山大学,通讯,215,2.09
中山大学,电力工程,33,2.25
北京航空航天大学,聚合物、塑料,433,2.33
北京航空航天大学,药物,52,2.43
北京航空航天大学,农药,5,2.26
北京航空航天大学,食品、洗涤剂、水处理、生物技术,44,2.52
北京航空航天大学,一般化学,49,2.35
北京航空航天大学,纺织和造纸,13,2.51
北京航空航天大学,印刷、涂料、照相,3,2.45
北京航空航天大学,石油,12,2.56
北京航空航天大学,化学工程,34,2.49
北京航空航天大学,核子能、爆破、防护,4,2.24
北京航空航天大学,耐火材料、玻璃、陶瓷、（无机）有机电化学,119,2.15
北京航空航天大学,冶金,176,2.33
北京航空航天大学,其他,238,5.06
北京航空航天大学,机械工程,474,2.92
北京航空航天大学,仪器、测量和测试,1450,2.37
北京航空航天大学,计算机和控制,2514,2.32
北京航空航天大学,半导体和电路,96,2.11
北京航空航天大学,电子元件,119,2.37
北京航空航天大学,通讯,408,2.16
北京航空航天大学,电力工程,110,2.42
东北大学,聚合物、塑料,273,2.22
东北大学,药物,258,2.18
东北大学,农药,20,2.82
东北大学,食品、洗涤剂、水处理、生物技术,220,2.04
东北大学,一般化学,107,2.48
东北大学,纺织和造纸,10,-2.07
东北大学,印刷、涂料、照相,16,2.15
东北大学,石油,10,2.90
东北大学,化学工程,117,2.00
东北大学,核子能、爆破、防护,2,-2.12
东北大学,耐火材料、玻璃、陶瓷、（无机）有机电化学,165,2.03
东北大学,冶金,424,2.21
东北大学,催化剂,7,2.70
东北大学,其他,296,2.00
东北大学,机械工程,175,3.36
东北大学,仪器、测量和测试,371,2.22
东北大学,计算机和控制,507,2.47
东北大学,半导体和电路,128,2.04
东北大学,电子元件,135,-1.61
东北大学,通讯,172,2.49
东北大学,电力工程,304,2.13
中南大学,聚合物、塑料,877,2.42
中南大学,药物,542,2.22
中南大学,农药,39,2.52
中南大学,食品、洗涤剂、水处理、生物技术,626,2.34
中南大学,一般化学,664,2.38
中南大学,纺织和造纸,29,2.22
中南大学,印刷、涂料、照相,60,2.38
中南大学,石油,55,2.46
中南大学,化学工程,446,2.38
中南大学,核子能、爆破、防护,7,2.26
中南大学,耐火材料、玻璃、陶瓷、（无机）有机电化学,722,2.36
中南大学,冶金,1188,2.41
中南大学,催化剂,87,2.42
中南大学,其他,811,4.40
中南大学,机械工程,456,3.49
中南大学,仪器、测量和测试,903,2.61
中南大学,计算机和控制,915,2.64
中南大学,半导体和电路,170,2.32
中南大学,电子元件,222,2.32
中南大学,通讯,327,2.40
中南大学,电力工程,984,2.40
西北农林科技大学,聚合物、塑料,297,2.35
西北农林科技大学,药物,379,2.31
西北农林科技大学,农药,339,2.41
西北农林科技大学,食品、洗涤剂、水处理、生物技术,581,2.51
西北农林科技大学,一般化学,46,2.55
西北农林科技大学,纺织和造纸,12,2.43
西北农林科技大学,印刷、涂料、照相,6,2.35
西北农林科技大学,石油,18,2.83
西北农林科技大学,化学工程,51,2.80
西北农林科技大学,核子能、爆破、防护,1,-2.00
西北农林科技大学,耐火材料、玻璃、陶瓷、（无机）有机电化学,16,2.42
西北农林科技大学,冶金,4,-1.82
西北农林科技大学,催化剂,7,2.34
西北农林科技大学,其他,590,2.00
西北农林科技大学,机械工程,170,3.97
西北农林科技大学,仪器、测量和测试,329,2.79
西北农林科技大学,计算机和控制,420,3.01
西北农林科技大学,半导体和电路,41,3.02
西北农林科技大学,电子元件,62,3.01
西北农林科技大学,通讯,159,2.80
西北农林科技大学,电力工程,271,2.94
中国农业大学,聚合物、塑料,294,2.36
中国农业大学,药物,522,2.25
中国农业大学,农药,448,2.33
中国农业大学,食品、洗涤剂、水处理、生物技术,320,2.35
中国农业大学,一般化学,46,2.24
中国农业大学,纺织和造纸,8,2.30
中国农业大学,石油,3,2.34
中国农业大学,化学工程,39,2.34
中国农业大学,核子能、爆破、防护,2,2.00
中国农业大学,耐火材料、玻璃、陶瓷、（无机）有机电化学,10,-1.40
中国农业大学,冶金,7,3.00
中国农业大学,其他,426,2.00
中国农业大学,机械工程,114,3.16
中国农业大学,仪器、测量和测试,380,2.44
中国农业大学,计算机和控制,394,2.51
中国农业大学,半导体和电路,11,2.26
中国农业大学,电子元件,8,2.44
中国农业大学,通讯,23,2.38
中国农业大学,电力工程,64,2.44
北京师范大学,聚合物、塑料,184,2.28
北京师范大学,药物,142,2.34
北京师范大学,农药,26,2.59
北京师范大学,食品、洗涤剂、水处理、生物技术,282,2.17
北京师范大学,一般化学,173,2.47
北京师范大学,纺织和造纸,11,2.41
北京师范大学,印刷、涂料、照相,29,2.60
北京师范大学,石油,17,2.72
北京师范大学,化学工程,88,2.60
北京师范大学,核子能、爆破、防护,18,-2.00
北京师范大学,耐火材料、玻璃、陶瓷、（无机）有机电化学,76,2.37
北京师范大学,冶金,48,-1.71
北京师范大学,催化剂,32,2.30
北京师范大学,其他,57,2.00
北京师范大学,机械工程,23,2.00
北京师范大学,仪器、测量和测试,313,2.45
北京师范大学,计算机和控制,309,2.56
北京师范大学,半导体和电路,39,2.11
北京师范大学,电子元件,55,2.56
北京师范大学,通讯,83,2.28
北京师范大学,电力工程,88,2.35
国防科技大学,聚合物、塑料,263,2.59
国防科技大学,药物,28,2.16
国防科技大学,农药,1,2.00
国防科技大学,食品、洗涤剂、水处理、生物技术,24,2.32
国防科技大学,一般化学,46,2.27
国防科技大学,纺织和造纸,45,2.13
国防科技大学,印刷、涂料、照相,31,2.69
国防科技大学,石油,1,-1.52
国防科技大学,化学工程,30,2.51
国防科技大学,核子能、爆破、防护,4,3.04
国防科技大学,耐火材料、玻璃、陶瓷、（无机）有机电化学,207,2.57
国防科技大学,冶金,42,3.16
国防科技大学,催化剂,10,-1.86
国防科技大学,其他,115,2.00
国防科技大学,机械工程,177,3.26
国防科技大学,仪器、测量和测试,484,2.67
国防科技大学,计算机和控制,1327,2.49
国防科技大学,半导体和电路,272,2.52
国防科技大学,电子元件,282,2.63
国防科技大学,通讯,765,2.63
国防科技大学,电力工程,205,2.52
北京工商大学,聚合物、塑料,142,2.50
北京工商大学,药物,62,-0.62
北京工商大学,农药,12,2.11
北京工商大学,食品、洗涤剂、水处理、生物技术,181,2.30
北京工商大学,一般化学,93,2.39
北京工商大学,纺织和造纸,7,3.32
北京工商大学,印刷、涂料、照相,9,2.11
北京工商大学,石油,5,2.40
北京工商大学,化学工程,48,2.49
北京工商大学,耐火材料、玻璃、陶瓷、（无机）有机电化学,20,2.19
北京工商大学,冶金,4,3.11
北京工商大学,催化剂,22,2.49
北京工商大学,其他,40,2.00
北京工商大学,机械工程,16,2.88
北京工商大学,仪器、测量和测试,53,2.79
北京工商大学,计算机和控制,144,2.89
北京工商大学,半导体和电路,17,2.25
北京工商大学,电子元件,14,2.65
北京工商大学,通讯,40,2.57
北京工商大学,电力工程,24,2.45
华东师范大学,聚合物、塑料,212,2.24
华东师范大学,药物,305,2.28
华东师范大学,农药,68,2.39
华东师范大学,食品、洗涤剂、水处理、生物技术,193,2.38
华东师范大学,一般化学,318,2.26
华东师范大学,纺织和造纸,18,2.46
华东师范大学,印刷、涂料、照相,24,-1.55
华东师范大学,石油,24,2.33
华东师范大学,化学工程,206,2.34
华东师范大学,核子能、爆破、防护,5,2.74
华东师范大学,耐火材料、玻璃、陶瓷、（无机）有机电化学,140,2.02
华东师范大学,冶金,33,2.13
华东师范大学,催化剂,233,2.30
华东师范大学,其他,113,2.00
华东师范大学,机械工程,32,4.02
华东师范大学,仪器、测量和测试,284,2.54
华东师范大学,计算机和控制,604,2.46
华东师范大学,半导体和电路,143,2.00
华东师范大学,电子元件,116,2.09
华东师范大学,通讯,291,2.37
华东师范大学,电力工程,132,2.20
山西大学,聚合物、塑料,188,2.33
山西大学,药物,209,2.69
山西大学,农药,49,2.68
山西大学,食品、洗涤剂、水处理、生物技术,221,2.51
山西大学,一般化学,211,2.60
山西大学,纺织和造纸,8,-1.62
山西大学,印刷、涂料、照相,46,2.55
山西大学,石油,10,-1.93
山西大学,化学工程,110,2.48
山西大学,核子能、爆破、防护,1,2.00
山西大学,耐火材料、玻璃、陶瓷、（无机）有机电化学,54,2.95
山西大学,冶金,20,2.59
山西大学,催化剂,44,2.22
山西大学,其他,78,2.00
山西大学,机械工程,106,2.00
山西大学,仪器、测量和测试,251,2.80
山西大学,计算机和控制,116,2.48
山西大学,半导体和电路,42,2.52
山西大学,电子元件,93,2.67
山西大学,通讯,57,2.88
山西大学,电力工程,77,2.45
太原科技大学,聚合物、塑料,465,2.67
太原科技大学,药物,88,2.70
太原科技大学,农药,19,2.52
太原科技大学,食品、洗涤剂、水处理、生物技术,201,2.71
太原科技大学,一般化学,465,2.56
太原科技大学,纺织和造纸,42,2.75
太原科技大学,印刷、涂料、照相,50,2.62
太原科技大学,石油,228,2.53
太原科技大学,化学工程,375,2.50
太原科技大学,核子能、爆破、防护,3,2.54
太原科技大学,耐火材料、玻璃、陶瓷、（无机）有机电化学,261,2.79
太原科技大学,冶金,329,2.71
太原科技大学,催化剂,161,2.45
太原科技大学,其他,347,2.00
太原科技大学,机械工程,452,3.28
太原科技大学,仪器、测量和测试,465,2.61
太原科技大学,计算机和控制,515,2.52
太原科技大学,半导体和电路,217,2.67
太原科技大学,电子元件,223,2.65
太原科技大学,通讯,208,2.37
太原科技大学,电力工程,457,2.61
北京协和医学院,聚合物、塑料,226,2.37
北京协和医学院,药物,1107,2.29
北京协和医学院,农药,75,2.47
北京协和医学院,食品、洗涤剂、水处理、生物技术,590,2.42
北京协和医学院,一般化学,14,2.58
北京协和医学院,纺织和造纸,4,-1.70
北京协和医学院,印刷、涂料、照相,3,2.18
北京协和医学院,石油,1,-2.00
北京协和医学院,化学工程,47,2.76
北京协和医学院,核子能、爆破、防护,3,2.00
北京协和医学院,冶金,1,2.00
北京协和医学院,催化剂,24,2.43
北京协和医学院,其他,287,3.82
北京协和医学院,机械工程,12,2.00
北京协和医学院,仪器、测量和测试,367,2.69
北京协和医学院,计算机和控制,150,2.70
北京协和医学院,半导体和电路,12,2.57
北京协和医学院,电子元件,33,3.03
北京协和医学院,通讯,18,3.13
北京协和医学院,电力工程,12,2.11
重庆医科大学,聚合物、塑料,102,2.39
重庆医科大学,药物,327,2.40
重庆医科大学,农药,8,-1.92
重庆医科大学,食品、洗涤剂、水处理、生物技术,156,2.49
重庆医科大学,一般化学,18,2.00
重庆医科大学,纺织和造纸,5,-2.00
重庆医科大学,化学工程,41,2.48
重庆医科大学,核子能、爆破、防护,3,2.00
重庆医科大学,耐火材料、玻璃、陶瓷、（无机）有机电化学,1,2.00
重庆医科大学,冶金,1,2.00
重庆医科大学,催化剂,5,2.00
重庆医科大学,其他,585,2.00
重庆医科大学,机械工程,55,2.00
重庆医科大学,仪器、测量和测试,324,2.54
重庆医科大学,计算机和控制,110,2.01
重庆医科大学,半导体和电路,23,2.00
重庆医科大学,电子元件,31,2.48
重庆医科大学,通讯,37,2.40
重庆医科大学,电力工程,49,3.23
南方医科大学,聚合物、塑料,136,2.64
南方医科大学,药物,422,2.57
南方医科大学,农药,17,2.60
南方医科大学,食品、洗涤剂、水处理、生物技术,277,2.69
南方医科大学,一般化学,27,2.27
南方医科大学,纺织和造纸,7,3.15
南方医科大学,印刷、涂料、照相,9,2.00
南方医科大学,化学工程,29,2.85
南方医科大学,核子能、爆破、防护,2,2.00
南方医科大学,耐火材料、玻璃、陶瓷、（无机）有机电化学,1,2.78
南方医科大学,冶金,2,-2.00
南方医科大学,催化剂,6,-1.82
南方医科大学,其他,314,2.00
南方医科大学,机械工程,16,2.00
南方医科大学,仪器、测量和测试,230,2.73
南方医科大学,计算机和控制,134,2.70
南方医科大学,半导体和电路,6,2.52
南方医科大学,电子元件,15,2.00
南方医科大学,通讯,22,3.56
南方医科大学,电力工程,9,2.35
太原理工大学,聚合物、塑料,465,2.67
太原理工大学,药物,88,2.70
太原理工大学,农药,19,2.52
太原理工大学,食品、洗涤剂、水处理、生物技术,201,2.71
太原理工大学,一般化学,465,2.56
太原理工大学,纺织和造纸,42,2.75
太原理工大学,印刷、涂料、照相,50,2.62
太原理工大学,石油,228,2.53
太原理工大学,化学工程,375,2.50
太原理工大学,核子能、爆破、防护,3,2.54
太原理工大学,耐火材料、玻璃、陶瓷、（无机）有机电化学,261,2.79
太原理工大学,冶金,329,2.71
太原理工大学,催化剂,161,2.45
太原理工大学,其他,347,2.00
太原理工大学,机械工程,452,3.28
太原理工大学,仪器、测量和测试,465,2.61
太原理工大学,计算机和控制,515,2.52
太原理工大学,半导体和电路,217,2.67
太原理工大学,电子元件,223,2.65
太原理工大学,通讯,208,2.37
太原理工大学,电力工程,457,2.61
中国医科大学,聚合物、塑料,308,2.16
中国医科大学,药物,898,2.29
中国医科大学,农药,4,2.54
中国医科大学,食品、洗涤剂、水处理、生物技术,15,2.11
中国医科大学,一般化学,31,2.57
中国医科大学,纺织和造纸,2,2.00
中国医科大学,石油,1,2.00
中国医科大学,化学工程,11,2.95
中国医科大学,冶金,1,2.00
中国医科大学,其他,2,3.04
中国医科大学,机械工程,5,2.00
中国医科大学,仪器、测量和测试,11,2.58
中国医科大学,计算机和控制,1,2.85
中国人民大学,聚合物、塑料,22,2.85
中国人民大学,药物,10,2.00
中国人民大学,农药,1,-2.00
中国人民大学,食品、洗涤剂、水处理、生物技术,30,2.93
中国人民大学,一般化学,18,2.00
中国人民大学,纺织和造纸,4,2.00
中国人民大学,印刷、涂料、照相,1,-2.00
中国人民大学,石油,8,2.00
中国人民大学,化学工程,14,2.00
中国人民大学,核子能、爆破、防护,2,2.00
中国人民大学,耐火材料、玻璃、陶瓷、（无机）有机电化学,12,2.00
中国人民大学,冶金,2,2.00
中国人民大学,催化剂,5,2.00
中国人民大学,其他,5,2.00
中国人民大学,机械工程,5,2.00
中国人民大学,仪器、测量和测试,20,3.00
中国人民大学,计算机和控制,68,3.22
中国人民大学,半导体和电路,19,2.90
中国人民大学,电子元件,5,2.00
中国人民大学,通讯,6,2.78
中国人民大学,电力工程,8,2.00
中央民族大学,聚合物、塑料,14,2.00
中央民族大学,药物,22,3.36
中央民族大学,农药,5,2.00
中央民族大学,食品、洗涤剂、水处理、生物技术,23,2.00
中央民族大学,一般化学,2,2.00
中央民族大学,纺织和造纸,4,-2.30
中央民族大学,化学工程,4,2.00
中央民族大学,耐火材料、玻璃、陶瓷、（无机）有机电化学,1,-2.26
中央民族大学,其他,14,2.00
中央民族大学,机械工程,4,2.00
中央民族大学,仪器、测量和测试,15,3.59
中央民族大学,计算机和控制,37,3.11
中央民族大学,半导体和电路,8,2.00
中央民族大学,电子元件,14,2.00
中央民族大学,通讯,10,2.00
中央民族大学,电力工程,2,2.00
第三军医大学,聚合物、塑料,323,2.46
第三军医大学,药物,879,2.41
第三军医大学,农药,30,2.51
第三军医大学,食品、洗涤剂、水处理、生物技术,494,2.40
第三军医大学,一般化学,13,2.14
第三军医大学,纺织和造纸,25,2.90
第三军医大学,印刷、涂料、照相,1,2.20
第三军医大学,化学工程,41,2.39
第三军医大学,核子能、爆破、防护,4,2.00
第三军医大学,耐火材料、玻璃、陶瓷、（无机）有机电化学,2,2.38
第三军医大学,冶金,6,2.64
第三军医大学,催化剂,9,-1.46
第三军医大学,其他,1220,2.00
第三军医大学,机械工程,141,3.69
第三军医大学,仪器、测量和测试,666,2.57
第三军医大学,计算机和控制,206,2.76
第三军医大学,半导体和电路,22,2.41
第三军医大学,电子元件,55,2.79
第三军医大学,通讯,85,3.26
第三军医大学,电力工程,95,2.82
南京医科大学,聚合物、塑料,107,-1.04
南京医科大学,药物,285,2.33
南京医科大学,农药,6,2.13
南京医科大学,食品、洗涤剂、水处理、生物技术,177,2.56
南京医科大学,一般化学,10,2.93
南京医科大学,纺织和造纸,7,-1.82
南京医科大学,印刷、涂料、照相,1,-2.00
南京医科大学,化学工程,21,2.00
南京医科大学,核子能、爆破、防护,1,2.00
南京医科大学,耐火材料、玻璃、陶瓷、（无机）有机电化学,4,2.40
南京医科大学,冶金,5,2.00
南京医科大学,其他,372,2.00
南京医科大学,机械工程,19,2.00
南京医科大学,仪器、测量和测试,212,2.71
南京医科大学,计算机和控制,47,2.75
南京医科大学,半导体和电路,6,2.00
南京医科大学,电子元件,10,2.00
南京医科大学,通讯,13,2.40
南京医科大学,电力工程,18,3.06
哈尔滨医科大学,聚合物、塑料,68,2.96
哈尔滨医科大学,药物,170,2.41
哈尔滨医科大学,食品、洗涤剂、水处理、生物技术,19,2.36
哈尔滨医科大学,纺织和造纸,4,2.00
哈尔滨医科大学,化学工程,1,2.70
哈尔滨医科大学,其他,86,2.00
哈尔滨医科大学,机械工程,8,2.00
哈尔滨医科大学,仪器、测量和测试,49,2.95
哈尔滨医科大学,计算机和控制,12,2.75
哈尔滨医科大学,电子元件,4,2.00
山西师范大学,聚合物、塑料,7,-1.05
山西师范大学,药物,7,-1.67
山西师范大学,农药,3,2.67
山西师范大学,食品、洗涤剂、水处理、生物技术,14,2.06
山西师范大学,一般化学,2,-1.72
山西师范大学,纺织和造纸,1,2.23
山西师范大学,化学工程,3,2.32
山西师范大学,耐火材料、玻璃、陶瓷、（无机）有机电化学,4,2.22
山西师范大学,冶金,4,2.56
山西师范大学,其他,7,2.00
山西师范大学,仪器、测量和测试,3,2.40
山西师范大学,计算机和控制,1,3.13
山西师范大学,半导体和电路,1,2.14
山西师范大学,通讯,1,2.24
山西师范大学,电力工程,5,2.86
首都医科大学,聚合物、塑料,96,2.45
首都医科大学,药物,515,2.12
首都医科大学,农药,24,2.12
首都医科大学,食品、洗涤剂、水处理、生物技术,243,2.38
首都医科大学,一般化学,3,2.11
首都医科大学,纺织和造纸,6,2.00
首都医科大学,印刷、涂料、照相,2,-2.00
首都医科大学,化学工程,35,2.81
首都医科大学,核子能、爆破、防护,1,2.00
首都医科大学,耐火材料、玻璃、陶瓷、（无机）有机电化学,3,-1.63
首都医科大学,冶金,2,2.00
首都医科大学,催化剂,42,2.64
首都医科大学,其他,253,2.00
首都医科大学,机械工程,9,2.00
首都医科大学,仪器、测量和测试,213,2.76
首都医科大学,计算机和控制,72,2.95
首都医科大学,半导体和电路,5,2.00
首都医科大学,电子元件,15,2.15
首都医科大学,通讯,23,3.26
首都医科大学,电力工程,24,3.15
温州医科大学,聚合物、塑料,109,2.74
温州医科大学,药物,308,2.32
温州医科大学,农药,15,-1.76
温州医科大学,食品、洗涤剂、水处理、生物技术,196,2.55
温州医科大学,一般化学,34,2.79
温州医科大学,纺织和造纸,5,-2.00
温州医科大学,印刷、涂料、照相,3,2.00
温州医科大学,化学工程,41,2.40
温州医科大学,耐火材料、玻璃、陶瓷、（无机）有机电化学,2,2.95
温州医科大学,冶金,3,2.48
温州医科大学,催化剂,19,2.24
温州医科大学,其他,250,2.00
温州医科大学,机械工程,19,2.00
温州医科大学,仪器、测量和测试,164,2.42
温州医科大学,计算机和控制,77,2.48
温州医科大学,半导体和电路,6,2.00
温州医科大学,电子元件,10,2.58
温州医科大学,通讯,11,2.78
温州医科大学,电力工程,19,2.83
河南理工大学,聚合物、塑料,244,2.75
河南理工大学,药物,26,2.45
河南理工大学,农药,5,2.00
河南理工大学,食品、洗涤剂、水处理、生物技术,74,2.81
河南理工大学,一般化学,86,2.72
河南理工大学,纺织和造纸,6,2.00
河南理工大学,印刷、涂料、照相,9,-1.44
河南理工大学,石油,103,2.73
河南理工大学,化学工程,166,2.39
河南理工大学,核子能、爆破、防护,2,-2.24
河南理工大学,耐火材料、玻璃、陶瓷、（无机）有机电化学,113,2.96
河南理工大学,冶金,134,2.66
河南理工大学,催化剂,15,2.00
河南理工大学,其他,242,2.00
河南理工大学,机械工程,554,4.45
河南理工大学,仪器、测量和测试,586,2.76
河南理工大学,计算机和控制,504,3.14
河南理工大学,半导体和电路,119,2.84
河南理工大学,电子元件,150,2.34
河南理工大学,通讯,166,3.10
河南理工大学,电力工程,414,2.91
山西医科大学,聚合物、塑料,32,2.74
山西医科大学,药物,95,2.56
山西医科大学,农药,2,2.18
山西医科大学,食品、洗涤剂、水处理、生物技术,62,2.54
山西医科大学,一般化学,6,-1.70
山西医科大学,印刷、涂料、照相,1,-2.00
山西医科大学,化学工程,11,2.56
山西医科大学,核子能、爆破、防护,3,2.00
山西医科大学,催化剂,3,2.00
山西医科大学,其他,75,-2.00
山西医科大学,机械工程,4,2.00
山西医科大学,仪器、测量和测试,38,2.00
山西医科大学,计算机和控制,2,3.20
山西医科大学,半导体和电路,2,2.00
山西医科大学,电子元件,5,2.00
山西医科大学,通讯,2,2.00
山西医科大学,电力工程,3,2.00
山西农业大学,聚合物、塑料,38,3.54
山西农业大学,药物,52,3.64
山西农业大学,农药,54,3.01
山西农业大学,食品、洗涤剂、水处理、生物技术,107,2.77
山西农业大学,一般化学,9,2.54
山西农业大学,纺织和造纸,3,2.00
山西农业大学,印刷、涂料、照相,1,-2.00
山西农业大学,化学工程,13,2.00
山西农业大学,冶金,2,2.95
山西农业大学,催化剂,3,2.00
山西农业大学,其他,102,3.71
山西农业大学,机械工程,12,2.00
山西农业大学,仪器、测量和测试,39,2.75
山西农业大学,计算机和控制,30,2.60
山西农业大学,半导体和电路,2,2.00
山西农业大学,电子元件,4,2.00
山西农业大学,通讯,11,2.60
山西农业大学,电力工程,17,3.15
康奈尔大学,聚合物、塑料,405,2.39
康奈尔大学,药物,723,2.01
康奈尔大学,农药,139,2.25
康奈尔大学,食品、洗涤剂、水处理、生物技术,670,-1.06
康奈尔大学,一般化学,72,2.47
康奈尔大学,纺织和造纸,84,2.50
康奈尔大学,印刷、涂料、照相,31,2.45
康奈尔大学,石油,15,-1.00
康奈尔大学,化学工程,115,2.47
康奈尔大学,核子能、爆破、防护,8,2.57
康奈尔大学,耐火材料、玻璃、陶瓷、（无机）有机电化学,190,2.47
康奈尔大学,冶金,1,2.96
康奈尔大学,催化剂,14,2.65
康奈尔大学,其他,85,4.03
康奈尔大学,机械工程,9,3.11
康奈尔大学,仪器、测量和测试,311,2.27
康奈尔大学,计算机和控制,194,2.19
康奈尔大学,半导体和电路,117,2.63
康奈尔大学,电子元件,83,2.40
康奈尔大学,通讯,100,2.43
康奈尔大学,电力工程,159,2.51
瓦赫宁根大学,聚合物、塑料,29,-1.83
瓦赫宁根大学,药物,86,2.23
瓦赫宁根大学,农药,69,-1.41
瓦赫宁根大学,食品、洗涤剂、水处理、生物技术,135,2.29
瓦赫宁根大学,一般化学,15,-1.57
瓦赫宁根大学,纺织和造纸,3,2.00
瓦赫宁根大学,印刷、涂料、照相,2,2.00
瓦赫宁根大学,石油,2,2.00
瓦赫宁根大学,化学工程,10,-2.06
瓦赫宁根大学,耐火材料、玻璃、陶瓷、（无机）有机电化学,3,-1.40
瓦赫宁根大学,其他,14,2.00
瓦赫宁根大学,机械工程,1,2.00
瓦赫宁根大学,仪器、测量和测试,3,-2.18
瓦赫宁根大学,计算机和控制,5,2.93
瓦赫宁根大学,半导体和电路,2,-2.15
瓦赫宁根大学,电力工程,2,2.37
南京农业大学,聚合物、塑料,271,2.45
南京农业大学,药物,325,2.28
南京农业大学,农药,648,2.51
南京农业大学,食品、洗涤剂、水处理、生物技术,978,2.48
南京农业大学,一般化学,49,2.24
南京农业大学,纺织和造纸,12,2.66
南京农业大学,印刷、涂料、照相,5,2.77
南京农业大学,石油,7,3.08
南京农业大学,化学工程,56,2.47
南京农业大学,耐火材料、玻璃、陶瓷、（无机）有机电化学,3,-2.22
南京农业大学,冶金,8,2.44
南京农业大学,催化剂,1,2.30
南京农业大学,其他,449,4.77
南京农业大学,机械工程,79,3.01
南京农业大学,仪器、测量和测试,245,2.43
南京农业大学,计算机和控制,238,2.60
南京农业大学,半导体和电路,24,2.28
南京农业大学,电子元件,19,2.88
南京农业大学,通讯,75,2.41
南京农业大学,电力工程,106,2.82
加利福尼亚戴维斯分校,药物,7,2.60
加利福尼亚戴维斯分校,农药,3,2.00
加利福尼亚戴维斯分校,食品、洗涤剂、水处理、生物技术,5,-2.30
加利福尼亚戴维斯分校,化学工程,4,-2.00
加利福尼亚戴维斯分校,仪器、测量和测试,7,-1.97
加利福尼亚戴维斯分校,计算机和控制,9,-2.11
加利福尼亚戴维斯分校,通讯,2,-2.07
加利福尼亚戴维斯分校,电力工程,2,-1.88
华中农业大学,聚合物、塑料,251,2.50
华中农业大学,药物,457,2.31
华中农业大学,农药,556,2.16
华中农业大学,食品、洗涤剂、水处理、生物技术,1001,2.34
华中农业大学,一般化学,52,2.64
华中农业大学,纺织和造纸,5,2.00
华中农业大学,印刷、涂料、照相,4,2.40
华中农业大学,石油,20,2.07
华中农业大学,化学工程,63,2.52
华中农业大学,核子能、爆破、防护,1,2.30
华中农业大学,耐火材料、玻璃、陶瓷、（无机）有机电化学,5,2.74
华中农业大学,冶金,3,2.00
华中农业大学,催化剂,12,-1.52
华中农业大学,其他,363,4.66
华中农业大学,机械工程,83,3.16
华中农业大学,仪器、测量和测试,270,2.56
华中农业大学,计算机和控制,209,2.56
华中农业大学,半导体和电路,10,2.48
华中农业大学,电子元件,35,3.15
华中农业大学,通讯,43,2.74
华中农业大学,电力工程,93,2.78
中北大学,聚合物、塑料,267,2.65
中北大学,药物,33,2.76
中北大学,农药,20,2.72
中北大学,食品、洗涤剂、水处理、生物技术,72,2.72
中北大学,一般化学,122,2.57
中北大学,纺织和造纸,12,3.60
中北大学,印刷、涂料、照相,20,2.79
中北大学,石油,26,2.34
中北大学,化学工程,106,2.43
中北大学,核子能、爆破、防护,16,2.92
中北大学,耐火材料、玻璃、陶瓷、（无机）有机电化学,49,2.76
中北大学,冶金,69,2.81
中北大学,催化剂,26,2.22
中北大学,其他,97,2.00
中北大学,机械工程,97,3.22
中北大学,仪器、测量和测试,381,2.51
中北大学,计算机和控制,263,2.66
中北大学,半导体和电路,74,2.50
中北大学,电子元件,155,2.52
中北大学,通讯,135,2.72
中北大学,电力工程,155,2.68
大连理工大学,聚合物、塑料,817,2.37
大连理工大学,药物,337,2.30
大连理工大学,农药,47,2.45
大连理工大学,食品、洗涤剂、水处理、生物技术,459,2.27
大连理工大学,一般化学,735,2.31
大连理工大学,纺织和造纸,57,2.39
大连理工大学,印刷、涂料、照相,65,2.39
大连理工大学,石油,187,2.43
大连理工大学,化学工程,528,2.38
大连理工大学,核子能、爆破、防护,10,2.70
大连理工大学,耐火材料、玻璃、陶瓷、（无机）有机电化学,357,2.42
大连理工大学,冶金,299,2.73
大连理工大学,催化剂,308,2.28
大连理工大学,其他,332,4.85
大连理工大学,机械工程,623,3.05
大连理工大学,仪器、测量和测试,1115,2.56
大连理工大学,计算机和控制,1254,2.69
大连理工大学,半导体和电路,265,2.21
大连理工大学,电子元件,336,2.48
大连理工大学,通讯,416,2.70
大连理工大学,电力工程,722,2.52
天津医科大学,聚合物、塑料,53,2.74
天津医科大学,药物,135,2.34
天津医科大学,农药,5,2.00
天津医科大学,食品、洗涤剂、水处理、生物技术,68,2.24
天津医科大学,一般化学,5,2.00
天津医科大学,纺织和造纸,4,-2.00
天津医科大学,化学工程,10,2.26
天津医科大学,核子能、爆破、防护,2,2.00
天津医科大学,耐火材料、玻璃、陶瓷、（无机）有机电化学,1,-2.22
天津医科大学,冶金,1,2.00
天津医科大学,催化剂,3,2.00
天津医科大学,其他,89,2.00
天津医科大学,机械工程,9,2.00
天津医科大学,仪器、测量和测试,96,2.40
天津医科大学,计算机和控制,29,-1.15
天津医科大学,半导体和电路,2,-2.00
天津医科大学,电子元件,9,-1.85
天津医科大学,通讯,8,-1.63
天津医科大学,电力工程,6,-2.11
云南大学,聚合物、塑料,72,2.60
云南大学,药物,100,2.34
云南大学,农药,71,2.65
云南大学,食品、洗涤剂、水处理、生物技术,190,2.44
云南大学,一般化学,68,2.31
云南大学,纺织和造纸,6,2.70
云南大学,印刷、涂料、照相,4,-1.00
云南大学,石油,8,2.00
云南大学,化学工程,46,2.73
云南大学,核子能、爆破、防护,1,-2.00
云南大学,耐火材料、玻璃、陶瓷、（无机）有机电化学,58,2.51
云南大学,冶金,25,2.42
云南大学,催化剂,15,2.53
云南大学,其他,83,2.00
云南大学,机械工程,70,2.00
云南大学,仪器、测量和测试,110,2.95
云南大学,计算机和控制,236,2.94
云南大学,半导体和电路,72,2.78
云南大学,电子元件,28,2.85
云南大学,通讯,114,3.07
云南大学,电力工程,68,3.31
新疆大学,聚合物、塑料,141,2.72
新疆大学,药物,58,2.67
新疆大学,农药,13,2.50
新疆大学,食品、洗涤剂、水处理、生物技术,86,2.53
新疆大学,一般化学,125,2.89
新疆大学,纺织和造纸,17,3.60
新疆大学,印刷、涂料、照相,8,2.00
新疆大学,石油,24,3.16
新疆大学,化学工程,64,2.76
新疆大学,耐火材料、玻璃、陶瓷、（无机）有机电化学,42,2.63
新疆大学,冶金,45,3.30
新疆大学,催化剂,26,3.31
新疆大学,其他,46,2.00
新疆大学,机械工程,53,3.11
新疆大学,仪器、测量和测试,78,2.95
新疆大学,计算机和控制,75,3.04
新疆大学,半导体和电路,25,2.23
新疆大学,电子元件,25,-1.40
新疆大学,通讯,22,3.04
新疆大学,电力工程,98,3.19
郑州大学,聚合物、塑料,506,2.57
郑州大学,药物,358,2.64
郑州大学,农药,66,2.53
郑州大学,食品、洗涤剂、水处理、生物技术,347,2.65
郑州大学,一般化学,207,2.36
郑州大学,纺织和造纸,58,2.86
郑州大学,印刷、涂料、照相,32,2.39
郑州大学,石油,26,2.11
郑州大学,化学工程,243,2.41
郑州大学,核子能、爆破、防护,2,2.00
郑州大学,耐火材料、玻璃、陶瓷、（无机）有机电化学,167,2.42
郑州大学,冶金,82,2.43
郑州大学,催化剂,79,2.32
郑州大学,其他,503,2.00
郑州大学,机械工程,640,4.30
郑州大学,仪器、测量和测试,420,2.67
郑州大学,计算机和控制,340,2.95
郑州大学,半导体和电路,106,2.25
郑州大学,电子元件,144,2.71
郑州大学,通讯,188,2.74
郑州大学,电力工程,356,2.62
安徽大学,聚合物、塑料,244,-1.92
安徽大学,药物,165,2.44
安徽大学,农药,23,2.30
安徽大学,食品、洗涤剂、水处理、生物技术,218,2.52
安徽大学,一般化学,149,-0.51
安徽大学,纺织和造纸,4,-2.07
安徽大学,印刷、涂料、照相,39,-2.19
安徽大学,石油,8,2.00
安徽大学,化学工程,76,2.02
安徽大学,核子能、爆破、防护,0,-2.30
安徽大学,耐火材料、玻璃、陶瓷、（无机）有机电化学,46,-2.00
安徽大学,冶金,20,-2.11
安徽大学,催化剂,46,-1.15
安徽大学,其他,95,2.00
安徽大学,机械工程,66,2.00
安徽大学,仪器、测量和测试,254,3.02
安徽大学,计算机和控制,308,-1.67
安徽大学,半导体和电路,131,2.30
安徽大学,电子元件,117,-1.85
安徽大学,通讯,186,-1.17
安徽大学,电力工程,140,-1.15
北华大学,聚合物、塑料,167,2.38
北华大学,药物,157,2.28
北华大学,农药,11,2.00
北华大学,食品、洗涤剂、水处理、生物技术,104,2.64
北华大学,一般化学,6,2.00
北华大学,纺织和造纸,15,2.00
北华大学,印刷、涂料、照相,20,2.90
北华大学,石油,1,-2.30
北华大学,化学工程,22,-2.18
北华大学,核子能、爆破、防护,0,-2.00
北华大学,耐火材料、玻璃、陶瓷、（无机）有机电化学,6,-2.18
北华大学,冶金,7,2.00
北华大学,催化剂,2,2.00
北华大学,其他,498,2.00
北华大学,机械工程,146,2.00
北华大学,仪器、测量和测试,214,-0.96
北华大学,计算机和控制,218,2.60
北华大学,半导体和电路,38,2.00
北华大学,电子元件,64,2.18
北华大学,通讯,120,-2.18
北华大学,电力工程,142,-1.52
北京工业大学,聚合物、塑料,954,-2.28
北京工业大学,药物,252,-2.28
北京工业大学,农药,19,2.00
北京工业大学,食品、洗涤剂、水处理、生物技术,1066,-2.29
北京工业大学,一般化学,708,-2.28
北京工业大学,纺织和造纸,43,-2.29
北京工业大学,印刷、涂料、照相,65,-2.27
北京工业大学,石油,49,-2.28
北京工业大学,化学工程,427,-2.28
北京工业大学,核子能、爆破、防护,7,-2.30
北京工业大学,耐火材料、玻璃、陶瓷、（无机）有机电化学,674,-2.28
北京工业大学,冶金,921,-2.26
北京工业大学,催化剂,110,-2.29
北京工业大学,其他,379,2.00
北京工业大学,机械工程,505,2.24
北京工业大学,仪器、测量和测试,1289,-2.29
北京工业大学,计算机和控制,2078,-2.29
北京工业大学,半导体和电路,616,-2.29
北京工业大学,电子元件,803,-2.28
北京工业大学,通讯,652,-2.29
北京工业大学,电力工程,1138,-2.28
北京化工大学,聚合物、塑料,2750,-1.73
北京化工大学,药物,369,2.18
北京化工大学,农药,31,2.60
北京化工大学,食品、洗涤剂、水处理、生物技术,655,2.16
北京化工大学,一般化学,1351,-2.07
北京化工大学,纺织和造纸,435,-2.06
北京化工大学,印刷、涂料、照相,375,-2.12
北京化工大学,石油,251,-2.21
北京化工大学,化学工程,993,-2.21
北京化工大学,核子能、爆破、防护,9,-2.22
北京化工大学,耐火材料、玻璃、陶瓷、（无机）有机电化学,567,-2.15
北京化工大学,冶金,166,-1.68
北京化工大学,催化剂,414,-2.30
北京化工大学,其他,172,2.00
北京化工大学,机械工程,191,3.22
北京化工大学,仪器、测量和测试,391,-1.91
北京化工大学,计算机和控制,257,-1.92
北京化工大学,半导体和电路,131,-2.20
北京化工大学,电子元件,154,-2.23
北京化工大学,通讯,59,-2.23
北京化工大学,电力工程,614,-2.26
北京交通大学,聚合物、塑料,241,-2.00
北京交通大学,药物,29,-2.13
北京交通大学,农药,0,-2.30
北京交通大学,食品、洗涤剂、水处理、生物技术,66,-1.86
北京交通大学,一般化学,53,-2.05
北京交通大学,纺织和造纸,1,-2.30
北京交通大学,印刷、涂料、照相,1,-2.27
北京交通大学,石油,19,-2.22
北京交通大学,化学工程,26,-2.12
北京交通大学,核子能、爆破、防护,0,-2.00
北京交通大学,耐火材料、玻璃、陶瓷、（无机）有机电化学,99,-2.20
北京交通大学,冶金,83,-2.19
北京交通大学,催化剂,6,-2.30
北京交通大学,其他,139,2.00
北京交通大学,机械工程,369,2.69
北京交通大学,仪器、测量和测试,592,-1.99
北京交通大学,计算机和控制,1089,-2.15
北京交通大学,半导体和电路,234,-2.20
北京交通大学,电子元件,306,-2.19
北京交通大学,通讯,625,-2.23
北京交通大学,电力工程,724,-2.06
北京科技大学,聚合物、塑料,681,-1.60
北京科技大学,药物,56,-0.51
北京科技大学,农药,14,2.41
北京科技大学,食品、洗涤剂、水处理、生物技术,144,-1.82
北京科技大学,一般化学,246,-1.80
北京科技大学,纺织和造纸,6,-1.67
北京科技大学,印刷、涂料、照相,9,2.26
北京科技大学,石油,43,-1.94
北京科技大学,化学工程,148,-1.33
北京科技大学,核子能、爆破、防护,8,-2.12
北京科技大学,耐火材料、玻璃、陶瓷、（无机）有机电化学,380,-1.90
北京科技大学,冶金,1449,2.15
北京科技大学,催化剂,0,-1.70
北京科技大学,其他,147,4.47
北京科技大学,机械工程,192,3.84
北京科技大学,仪器、测量和测试,437,2.08
北京科技大学,计算机和控制,346,-1.77
北京科技大学,半导体和电路,30,-2.12
北京科技大学,电子元件,28,-1.57
北京科技大学,通讯,103,-2.09
北京科技大学,电力工程,51,2.03
北京林业大学,聚合物、塑料,837,2.31
北京林业大学,药物,324,2.50
北京林业大学,农药,338,2.40
北京林业大学,食品、洗涤剂、水处理、生物技术,468,2.32
北京林业大学,一般化学,205,2.31
北京林业大学,纺织和造纸,110,2.11
北京林业大学,印刷、涂料、照相,44,2.46
北京林业大学,石油,64,2.26
北京林业大学,化学工程,111,2.77
北京林业大学,核子能、爆破、防护,0,-2.12
北京林业大学,耐火材料、玻璃、陶瓷、（无机）有机电化学,7,-1.70
北京林业大学,冶金,4,-2.30
北京林业大学,催化剂,60,2.49
北京林业大学,其他,425,2.00
北京林业大学,机械工程,156,2.00
北京林业大学,仪器、测量和测试,612,2.51
北京林业大学,计算机和控制,407,2.52
北京林业大学,半导体和电路,11,2.00
北京林业大学,电子元件,37,2.52
北京林业大学,通讯,97,2.91
北京林业大学,电力工程,90,2.61
常州大学,聚合物、塑料,1628,-1.89
常州大学,药物,323,2.98
常州大学,农药,95,2.00
常州大学,食品、洗涤剂、水处理、生物技术,1314,2.32
常州大学,一般化学,1515,-1.84
常州大学,纺织和造纸,138,-1.46
常州大学,印刷、涂料、照相,228,2.46
常州大学,石油,208,2.97
常州大学,化学工程,908,2.32
常州大学,核子能、爆破、防护,2,-2.00
常州大学,耐火材料、玻璃、陶瓷、（无机）有机电化学,449,-1.97
常州大学,冶金,390,2.15
常州大学,催化剂,518,2.27
常州大学,其他,276,2.00
常州大学,机械工程,420,3.79
常州大学,仪器、测量和测试,621,2.34
常州大学,计算机和控制,454,2.49
常州大学,半导体和电路,217,-2.13
常州大学,电子元件,137,-1.44
常州大学,通讯,249,2.90
常州大学,电力工程,575,2.27
北京邮电大学,聚合物、塑料,30,2.03
北京邮电大学,药物,4,2.48
北京邮电大学,农药,0,-2.00
北京邮电大学,食品、洗涤剂、水处理、生物技术,1,2.30
北京邮电大学,一般化学,7,2.00
北京邮电大学,纺织和造纸,2,-2.00
北京邮电大学,印刷、涂料、照相,0,-2.00
北京邮电大学,石油,0,2.30
北京邮电大学,化学工程,6,2.00
北京邮电大学,核子能、爆破、防护,0,2.00
北京邮电大学,耐火材料、玻璃、陶瓷、（无机）有机电化学,21,2.90
北京邮电大学,冶金,1,2.00
北京邮电大学,催化剂,0,-2.00
北京邮电大学,其他,39,2.00
北京邮电大学,机械工程,21,2.84
北京邮电大学,仪器、测量和测试,174,2.55
北京邮电大学,计算机和控制,1689,2.29
北京邮电大学,半导体和电路,148,2.14
北京邮电大学,电子元件,132,2.33
北京邮电大学,通讯,2490,-1.62
北京邮电大学,电力工程,60,2.29
北京语言大学,聚合物、塑料,0,-2.00
北京语言大学,药物,0,-2.00
北京语言大学,农药,0,-2.00
北京语言大学,食品、洗涤剂、水处理、生物技术,0,-2.00
北京语言大学,一般化学,0,-2.00
北京语言大学,纺织和造纸,0,-2.00
北京语言大学,印刷、涂料、照相,0,-2.00
北京语言大学,石油,0,-2.00
北京语言大学,化学工程,0,-2.00
北京语言大学,核子能、爆破、防护,0,-2.00
北京语言大学,耐火材料、玻璃、陶瓷、（无机）有机电化学,0,-2.00
北京语言大学,冶金,0,-2.00
北京语言大学,催化剂,0,-2.00
北京语言大学,其他,1,-2.00
北京语言大学,机械工程,0,-2.00
北京语言大学,仪器、测量和测试,0,-2.00
北京语言大学,计算机和控制,9,-2.00
北京语言大学,半导体和电路,0,-2.00
北京语言大学,电子元件,0,-2.00
北京语言大学,通讯,11,-2.00
北京语言大学,电力工程,0,-2.00
北京中医药大学,聚合物、塑料,32,2.00
北京中医药大学,药物,84,2.90
北京中医药大学,农药,1,-2.00
北京中医药大学,食品、洗涤剂、水处理、生物技术,19,2.00
北京中医药大学,一般化学,0,2.00
北京中医药大学,纺织和造纸,0,-2.00
北京中医药大学,印刷、涂料、照相,0,-2.00
北京中医药大学,石油,0,-2.00
北京中医药大学,化学工程,11,2.00
北京中医药大学,核子能、爆破、防护,0,-2.00
北京中医药大学,耐火材料、玻璃、陶瓷、（无机）有机电化学,0,-2.00
北京中医药大学,冶金,0,-2.00
北京中医药大学,催化剂,1,2.00
北京中医药大学,其他,7,2.00
北京中医药大学,机械工程,0,-2.00
北京中医药大学,仪器、测量和测试,35,2.00
北京中医药大学,计算机和控制,10,2.00
北京中医药大学,半导体和电路,0,2.00
北京中医药大学,电子元件,0,2.00
北京中医药大学,通讯,2,2.00
北京中医药大学,电力工程,0,-2.00
成都理工大学,聚合物、塑料,189,-2.02
成都理工大学,药物,37,-2.20
成都理工大学,农药,2,-2.28
成都理工大学,食品、洗涤剂、水处理、生物技术,72,-2.09
成都理工大学,一般化学,89,-2.12
成都理工大学,纺织和造纸,18,2.78
成都理工大学,印刷、涂料、照相,9,-2.26
成都理工大学,石油,38,-2.15
成都理工大学,化学工程,38,-2.15
成都理工大学,核子能、爆破、防护,4,-2.30
成都理工大学,耐火材料、玻璃、陶瓷、（无机）有机电化学,46,-2.05
成都理工大学,冶金,42,-1.85
成都理工大学,催化剂,18,-2.03
成都理工大学,其他,380,2.00
成都理工大学,机械工程,226,3.30
成都理工大学,仪器、测量和测试,373,-1.88
成都理工大学,计算机和控制,342,-2.01
成都理工大学,半导体和电路,64,-2.19
成都理工大学,电子元件,82,-2.02
成都理工大学,通讯,147,-2.06
成都理工大学,电力工程,158,-1.51
成都学院,聚合物、塑料,92,-1.60
成都学院,药物,102,-1.90
成都学院,农药,26,-2.10
成都学院,食品、洗涤剂、水处理、生物技术,188,-2.20
成都学院,一般化学,12,2.00
成都学院,纺织和造纸,5,2.00
成都学院,印刷、涂料、照相,10,-2.00
成都学院,石油,0,-2.00
成都学院,化学工程,14,2.00
成都学院,核子能、爆破、防护,0,-2.00
成都学院,耐火材料、玻璃、陶瓷、（无机）有机电化学,30,2.00
成都学院,冶金,17,2.00
成都学院,催化剂,10,-2.00
成都学院,其他,134,2.00
成都学院,机械工程,57,2.00
成都学院,仪器、测量和测试,60,2.00
成都学院,计算机和控制,60,2.60
成都学院,半导体和电路,21,2.00
成都学院,电子元件,23,2.00
成都学院,通讯,45,2.00
成都学院,电力工程,61,3.18
成都中医药大学,聚合物、塑料,101,-2.00
成都中医药大学,药物,448,-2.30
成都中医药大学,农药,24,-2.30
成都中医药大学,食品、洗涤剂、水处理、生物技术,86,-2.30
成都中医药大学,一般化学,3,-2.00
成都中医药大学,纺织和造纸,5,-2.00
成都中医药大学,印刷、涂料、照相,1,-2.00
成都中医药大学,石油,2,2.00
成都中医药大学,化学工程,51,2.00
成都中医药大学,核子能、爆破、防护,0,-2.00
成都中医药大学,耐火材料、玻璃、陶瓷、（无机）有机电化学,0,-2.00
成都中医药大学,冶金,0,-2.00
成都中医药大学,催化剂,10,-2.00
成都中医药大学,其他,53,2.00
成都中医药大学,机械工程,11,2.00
成都中医药大学,仪器、测量和测试,158,2.99
成都中医药大学,计算机和控制,74,2.44
成都中医药大学,半导体和电路,1,-2.00
成都中医药大学,电子元件,2,2.00
成都中医药大学,通讯,15,2.00
成都中医药大学,电力工程,18,2.00
大连海事大学,聚合物、塑料,186,-1.89
大连海事大学,药物,122,2.67
大连海事大学,农药,32,2.00
大连海事大学,食品、洗涤剂、水处理、生物技术,278,2.23
大连海事大学,一般化学,92,-2.01
大连海事大学,纺织和造纸,16,3.15
大连海事大学,印刷、涂料、照相,16,-2.24
大连海事大学,石油,66,-1.22
大连海事大学,化学工程,166,-1.34
大连海事大学,核子能、爆破、防护,0,-2.30
大连海事大学,耐火材料、玻璃、陶瓷、（无机）有机电化学,45,2.17
大连海事大学,冶金,31,-1.49
大连海事大学,催化剂,4,-2.30
大连海事大学,其他,185,2.00
大连海事大学,机械工程,244,2.88
大连海事大学,仪器、测量和测试,356,2.03
大连海事大学,计算机和控制,488,-2.02
大连海事大学,半导体和电路,73,-2.14
大连海事大学,电子元件,68,2.23
大连海事大学,通讯,274,-2.01
大连海事大学,电力工程,243,-1.85
东北林业大学,聚合物、塑料,639,2.35
东北林业大学,药物,199,-2.00
东北林业大学,农药,136,-1.78
东北林业大学,食品、洗涤剂、水处理、生物技术,372,2.15
东北林业大学,一般化学,107,2.33
东北林业大学,纺织和造纸,130,2.87
东北林业大学,印刷、涂料、照相,73,-1.60
东北林业大学,石油,37,2.70
东北林业大学,化学工程,139,2.78
东北林业大学,核子能、爆破、防护,1,-2.00
东北林业大学,耐火材料、玻璃、陶瓷、（无机）有机电化学,30,2.44
东北林业大学,冶金,19,2.64
东北林业大学,催化剂,11,2.78
东北林业大学,其他,517,2.00
东北林业大学,机械工程,283,2.00
东北林业大学,仪器、测量和测试,364,3.03
东北林业大学,计算机和控制,331,3.19
东北林业大学,半导体和电路,58,2.90
东北林业大学,电子元件,119,3.45
东北林业大学,通讯,135,2.00
东北林业大学,电力工程,272,3.31
东北农业大学,聚合物、塑料,278,-1.56
东北农业大学,药物,360,-1.99
东北农业大学,农药,339,-1.49
东北农业大学,食品、洗涤剂、水处理、生物技术,1008,-1.57
东北农业大学,一般化学,45,-2.17
东北农业大学,纺织和造纸,7,2.22
东北农业大学,印刷、涂料、照相,3,2.00
东北农业大学,石油,14,-2.15
东北农业大学,化学工程,74,-2.05
东北农业大学,核子能、爆破、防护,2,-2.00
东北农业大学,耐火材料、玻璃、陶瓷、（无机）有机电化学,3,-2.30
东北农业大学,冶金,1,2.00
东北农业大学,催化剂,4,-2.10
东北农业大学,其他,399,2.00
东北农业大学,机械工程,91,2.97
东北农业大学,仪器、测量和测试,179,-1.11
东北农业大学,计算机和控制,128,2.52
东北农业大学,半导体和电路,18,2.12
东北农业大学,电子元件,20,-2.00
东北农业大学,通讯,49,2.00
东北农业大学,电力工程,121,2.63
东北师范大学,聚合物、塑料,86,-1.96
东北师范大学,药物,77,-1.59
东北师范大学,农药,18,-2.22
东北师范大学,食品、洗涤剂、水处理、生物技术,121,-1.94
东北师范大学,一般化学,67,-2.14
东北师范大学,纺织和造纸,10,2.60
东北师范大学,印刷、涂料、照相,15,-2.21
东北师范大学,石油,6,-2.24
东北师范大学,化学工程,83,2.05
东北师范大学,核子能、爆破、防护,3,2.00
东北师范大学,耐火材料、玻璃、陶瓷、（无机）有机电化学,43,-2.26
东北师范大学,冶金,1,-1.40
东北师范大学,催化剂,26,2.70
东北师范大学,其他,21,2.00
东北师范大学,机械工程,15,3.38
东北师范大学,仪器、测量和测试,63,-1.92
东北师范大学,计算机和控制,42,2.16
东北师范大学,半导体和电路,29,2.15
东北师范大学,电子元件,23,-2.20
东北师范大学,通讯,18,-1.82
东北师范大学,电力工程,65,-2.22
东华大学,聚合物、塑料,3171,2.62
东华大学,药物,605,2.58
东华大学,农药,41,2.42
东华大学,食品、洗涤剂、水处理、生物技术,1055,2.64
东华大学,一般化学,687,2.62
东华大学,纺织和造纸,2362,2.64
东华大学,印刷、涂料、照相,209,2.65
东华大学,石油,25,2.51
东华大学,化学工程,503,2.69
东华大学,核子能、爆破、防护,2,2.81
东华大学,耐火材料、玻璃、陶瓷、（无机）有机电化学,542,2.55
东华大学,冶金,118,2.65
东华大学,催化剂,138,2.72
东华大学,其他,404,2.00
东华大学,机械工程,306,3.70
东华大学,仪器、测量和测试,730,2.71
东华大学,计算机和控制,843,2.73
东华大学,半导体和电路,167,2.53
东华大学,电子元件,290,2.74
东华大学,通讯,327,2.78
东华大学,电力工程,791,2.82
福州大学,聚合物、塑料,980,2.90
福州大学,药物,587,3.14
福州大学,农药,76,2.89
福州大学,食品、洗涤剂、水处理、生物技术,728,2.94
福州大学,一般化学,688,3.03
福州大学,纺织和造纸,56,2.90
福州大学,印刷、涂料、照相,69,2.90
福州大学,石油,45,2.59
福州大学,化学工程,594,2.91
福州大学,核子能、爆破、防护,2,2.00
福州大学,耐火材料、玻璃、陶瓷、（无机）有机电化学,459,2.82
福州大学,冶金,113,2.64
福州大学,催化剂,193,3.02
福州大学,其他,317,2.00
福州大学,机械工程,454,3.58
福州大学,仪器、测量和测试,757,3.16
福州大学,计算机和控制,1034,3.37
福州大学,半导体和电路,470,2.66
福州大学,电子元件,295,2.84
福州大学,通讯,349,3.44
福州大学,电力工程,599,2.65
广西大学,聚合物、塑料,1852,3.54
广西大学,药物,943,4.20
广西大学,农药,729,3.81
广西大学,食品、洗涤剂、水处理、生物技术,1809,3.48
广西大学,一般化学,775,3.84
广西大学,纺织和造纸,186,3.54
广西大学,印刷、涂料、照相,167,2.00
广西大学,石油,862,3.70
广西大学,化学工程,532,3.57
广西大学,核子能、爆破、防护,6,2.00
广西大学,耐火材料、玻璃、陶瓷、（无机）有机电化学,189,2.00
广西大学,冶金,653,3.01
广西大学,催化剂,84,2.00
广西大学,其他,1971,2.00
广西大学,机械工程,1402,3.63
广西大学,仪器、测量和测试,696,2.97
广西大学,计算机和控制,892,2.87
广西大学,半导体和电路,211,2.55
广西大学,电子元件,440,2.61
广西大学,通讯,453,2.89
广西大学,电力工程,1225,2.93
广州中医药大学,聚合物、塑料,47,-0.68
广州中医药大学,药物,197,2.41
广州中医药大学,农药,14,2.65
广州中医药大学,食品、洗涤剂、水处理、生物技术,58,2.83
广州中医药大学,一般化学,4,2.00
广州中医药大学,纺织和造纸,0,2.00
广州中医药大学,印刷、涂料、照相,0,-2.00
广州中医药大学,石油,0,-2.00
广州中医药大学,化学工程,11,2.43
广州中医药大学,核子能、爆破、防护,0,-2.00
广州中医药大学,耐火材料、玻璃、陶瓷、（无机）有机电化学,0,-2.00
广州中医药大学,冶金,4,2.00
广州中医药大学,催化剂,1,2.60
广州中医药大学,其他,64,2.00
广州中医药大学,机械工程,3,2.00
广州中医药大学,仪器、测量和测试,50,2.83
广州中医药大学,计算机和控制,25,3.19
广州中医药大学,半导体和电路,2,2.00
广州中医药大学,电子元件,8,-2.18
广州中医药大学,通讯,9,2.00
广州中医药大学,电力工程,8,2.00
贵州大学,聚合物、塑料,587,2.62
贵州大学,药物,308,2.64
贵州大学,农药,606,2.93
贵州大学,食品、洗涤剂、水处理、生物技术,577,2.60
贵州大学,一般化学,316,2.87
贵州大学,纺织和造纸,56,3.51
贵州大学,印刷、涂料、照相,12,-1.82
贵州大学,石油,35,3.20
贵州大学,化学工程,361,2.95
贵州大学,核子能、爆破、防护,2,2.00
贵州大学,耐火材料、玻璃、陶瓷、（无机）有机电化学,100,2.32
贵州大学,冶金,126,-1.84
贵州大学,催化剂,55,3.00
贵州大学,其他,830,2.00
贵州大学,机械工程,682,3.80
贵州大学,仪器、测量和测试,795,3.07
贵州大学,计算机和控制,709,3.14
贵州大学,半导体和电路,186,2.80
贵州大学,电子元件,234,2.82
贵州大学,通讯,303,2.90
贵州大学,电力工程,594,3.11
哈尔滨工程大学,聚合物、塑料,484,2.74
哈尔滨工程大学,药物,51,2.12
哈尔滨工程大学,农药,5,2.00
哈尔滨工程大学,食品、洗涤剂、水处理、生物技术,145,2.47
哈尔滨工程大学,一般化学,228,2.36
哈尔滨工程大学,纺织和造纸,39,2.70
哈尔滨工程大学,印刷、涂料、照相,35,2.41
哈尔滨工程大学,石油,24,2.40
哈尔滨工程大学,化学工程,166,2.73
哈尔滨工程大学,核子能、爆破、防护,53,2.59
哈尔滨工程大学,耐火材料、玻璃、陶瓷、（无机）有机电化学,189,2.12
哈尔滨工程大学,冶金,240,2.67
哈尔滨工程大学,催化剂,44,-1.12
哈尔滨工程大学,其他,411,2.00
哈尔滨工程大学,机械工程,938,3.17
哈尔滨工程大学,仪器、测量和测试,1440,2.66
哈尔滨工程大学,计算机和控制,1958,2.62
哈尔滨工程大学,半导体和电路,340,2.30
哈尔滨工程大学,电子元件,564,2.40
哈尔滨工程大学,通讯,1400,2.47
哈尔滨工程大学,电力工程,892,2.47
哈尔滨师范大学,聚合物、塑料,79,2.00
哈尔滨师范大学,药物,33,2.00
哈尔滨师范大学,农药,41,2.00
哈尔滨师范大学,食品、洗涤剂、水处理、生物技术,81,2.00
哈尔滨师范大学,一般化学,39,2.00
哈尔滨师范大学,纺织和造纸,9,2.00
哈尔滨师范大学,印刷、涂料、照相,3,-2.00
哈尔滨师范大学,石油,0,2.00
哈尔滨师范大学,化学工程,52,-2.00
哈尔滨师范大学,核子能、爆破、防护,21,2.00
哈尔滨师范大学,耐火材料、玻璃、陶瓷、（无机）有机电化学,0,2.00
哈尔滨师范大学,冶金,4,-2.00
哈尔滨师范大学,催化剂,13,2.00
哈尔滨师范大学,其他,325,2.00
哈尔滨师范大学,机械工程,55,2.00
哈尔滨师范大学,仪器、测量和测试,129,2.00
哈尔滨师范大学,计算机和控制,437,2.00
哈尔滨师范大学,半导体和电路,60,2.00
哈尔滨师范大学,电子元件,108,2.00
哈尔滨师范大学,通讯,354,3.47
哈尔滨师范大学,电力工程,101,2.88
第二军医大学,聚合物、塑料,428,-1.56
第二军医大学,药物,872,-1.79
第二军医大学,农药,97,-1.69
第二军医大学,食品、洗涤剂、水处理、生物技术,514,-1.68
第二军医大学,一般化学,53,-1.85
第二军医大学,纺织和造纸,11,2.93
第二军医大学,印刷、涂料、照相,5,-2.18
第二军医大学,石油,3,-2.00
第二军医大学,化学工程,60,2.02
第二军医大学,核子能、爆破、防护,1,2.00
第二军医大学,耐火材料、玻璃、陶瓷、（无机）有机电化学,5,-2.00
第二军医大学,冶金,5,2.00
第二军医大学,催化剂,42,2.14
第二军医大学,其他,446,2.00
第二军医大学,机械工程,32,2.97
第二军医大学,仪器、测量和测试,331,2.41
第二军医大学,计算机和控制,122,2.57
第二军医大学,半导体和电路,14,2.48
第二军医大学,电子元件,23,2.80
第二军医大学,通讯,52,3.09
第二军医大学,电力工程,40,2.80
海南大学,聚合物、塑料,274,2.22
海南大学,药物,104,-1.88
海南大学,农药,95,-1.20
海南大学,食品、洗涤剂、水处理、生物技术,282,2.19
海南大学,一般化学,61,2.15
海南大学,纺织和造纸,36,2.88
海南大学,印刷、涂料、照相,13,2.56
海南大学,石油,17,2.78
海南大学,化学工程,58,2.43
海南大学,核子能、爆破、防护,1,-2.10
海南大学,耐火材料、玻璃、陶瓷、（无机）有机电化学,51,-1.60
海南大学,冶金,10,2.00
海南大学,催化剂,15,2.00
海南大学,其他,238,2.00
海南大学,机械工程,228,3.16
海南大学,仪器、测量和测试,93,2.68
海南大学,计算机和控制,120,2.92
海南大学,半导体和电路,12,2.00
海南大学,电子元件,22,2.05
海南大学,通讯,54,2.57
海南大学,电力工程,64,2.88
合肥工业大学,聚合物、塑料,748,2.44
合肥工业大学,药物,160,2.44
合肥工业大学,农药,42,2.02
合肥工业大学,食品、洗涤剂、水处理、生物技术,461,2.35
合肥工业大学,一般化学,438,2.25
合肥工业大学,纺织和造纸,35,2.60
合肥工业大学,印刷、涂料、照相,63,2.47
合肥工业大学,石油,76,2.16
合肥工业大学,化学工程,272,2.09
合肥工业大学,核子能、爆破、防护,4,2.00
合肥工业大学,耐火材料、玻璃、陶瓷、（无机）有机电化学,381,2.24
合肥工业大学,冶金,224,2.76
合肥工业大学,催化剂,115,-1.57
合肥工业大学,其他,402,2.00
合肥工业大学,机械工程,526,2.00
合肥工业大学,仪器、测量和测试,914,2.48
合肥工业大学,计算机和控制,1188,2.58
合肥工业大学,半导体和电路,525,2.65
合肥工业大学,电子元件,345,2.60
合肥工业大学,通讯,445,2.45
合肥工业大学,电力工程,917,2.59
河北工业大学,聚合物、塑料,490,2.37
河北工业大学,药物,82,2.11
河北工业大学,农药,18,2.18
河北工业大学,食品、洗涤剂、水处理、生物技术,201,2.29
河北工业大学,一般化学,423,2.38
河北工业大学,纺织和造纸,30,2.70
河北工业大学,印刷、涂料、照相,53,2.57
河北工业大学,石油,48,2.49
河北工业大学,化学工程,298,2.49
河北工业大学,核子能、爆破、防护,1,-1.70
河北工业大学,耐火材料、玻璃、陶瓷、（无机）有机电化学,229,-1.05
河北工业大学,冶金,252,2.57
河北工业大学,催化剂,144,2.68
河北工业大学,其他,386,4.03
河北工业大学,机械工程,462,3.56
河北工业大学,仪器、测量和测试,483,2.56
河北工业大学,计算机和控制,519,2.47
河北工业大学,半导体和电路,230,2.33
河北工业大学,电子元件,210,2.57
河北工业大学,通讯,201,2.81
河北工业大学,电力工程,647,2.25
河海大学,聚合物、塑料,967,2.69
河海大学,药物,78,3.14
河海大学,农药,80,2.70
河海大学,食品、洗涤剂、水处理、生物技术,979,2.79
河海大学,一般化学,300,2.97
河海大学,纺织和造纸,51,2.81
河海大学,印刷、涂料、照相,42,2.66
河海大学,石油,26,3.18
河海大学,化学工程,262,3.09
河海大学,核子能、爆破、防护,0,2.00
河海大学,耐火材料、玻璃、陶瓷、（无机）有机电化学,266,2.32
河海大学,冶金,159,2.87
河海大学,催化剂,20,2.90
河海大学,其他,785,2.00
河海大学,机械工程,1611,3.84
河海大学,仪器、测量和测试,2375,2.79
河海大学,计算机和控制,3256,2.83
河海大学,半导体和电路,517,2.43
河海大学,电子元件,537,3.15
河海大学,通讯,1169,2.70
河海大学,电力工程,1660,2.68
黑龙江八一,聚合物、塑料,110,3.27
黑龙江八一,药物,114,3.07
黑龙江八一,农药,85,2.20
黑龙江八一,食品、洗涤剂、水处理、生物技术,227,2.90
黑龙江八一,一般化学,18,2.00
黑龙江八一,纺织和造纸,2,-2.00
黑龙江八一,印刷、涂料、照相,1,-2.00
黑龙江八一,石油,3,2.00
黑龙江八一,化学工程,14,2.00
黑龙江八一,核子能、爆破、防护,0,-2.00
黑龙江八一,耐火材料、玻璃、陶瓷、（无机）有机电化学,1,2.00
黑龙江八一,冶金,9,2.00
黑龙江八一,催化剂,2,-2.00
黑龙江八一,其他,105,2.00
黑龙江八一,机械工程,31,2.78
黑龙江八一,仪器、测量和测试,59,2.00
黑龙江八一,计算机和控制,59,2.00
黑龙江八一,半导体和电路,6,2.00
黑龙江八一,电子元件,13,2.00
黑龙江八一,通讯,26,2.00
黑龙江八一,电力工程,23,2.00
黑龙江科技大学,聚合物、塑料,106,2.93
黑龙江科技大学,药物,4,2.00
黑龙江科技大学,农药,2,-2.30
黑龙江科技大学,食品、洗涤剂、水处理、生物技术,18,-1.85
黑龙江科技大学,一般化学,60,2.00
黑龙江科技大学,纺织和造纸,3,2.00
黑龙江科技大学,印刷、涂料、照相,3,2.00
黑龙江科技大学,石油,16,2.00
黑龙江科技大学,化学工程,57,2.63
黑龙江科技大学,核子能、爆破、防护,0,2.00
黑龙江科技大学,耐火材料、玻璃、陶瓷、（无机）有机电化学,23,3.34
黑龙江科技大学,冶金,38,3.36
黑龙江科技大学,催化剂,3,2.00
黑龙江科技大学,其他,151,2.00
黑龙江科技大学,机械工程,161,3.02
黑龙江科技大学,仪器、测量和测试,230,3.44
黑龙江科技大学,计算机和控制,304,3.11
黑龙江科技大学,半导体和电路,55,2.85
黑龙江科技大学,电子元件,81,3.53
黑龙江科技大学,通讯,177,3.16
黑龙江科技大学,电力工程,166,2.88
湖南师范大学,聚合物、塑料,93,3.03
湖南师范大学,药物,89,2.85
湖南师范大学,农药,28,2.13
湖南师范大学,食品、洗涤剂、水处理、生物技术,109,2.62
湖南师范大学,一般化学,53,2.94
湖南师范大学,纺织和造纸,6,3.18
湖南师范大学,印刷、涂料、照相,14,3.28
湖南师范大学,石油,0,2.00
湖南师范大学,化学工程,54,3.37
湖南师范大学,核子能、爆破、防护,0,2.00
湖南师范大学,耐火材料、玻璃、陶瓷、（无机）有机电化学,23,2.83
湖南师范大学,冶金,8,2.90
湖南师范大学,催化剂,30,2.00
湖南师范大学,其他,160,2.00
湖南师范大学,机械工程,25,2.00
湖南师范大学,仪器、测量和测试,103,3.30
湖南师范大学,计算机和控制,90,2.90
湖南师范大学,半导体和电路,43,2.67
湖南师范大学,电子元件,19,2.40
湖南师范大学,通讯,79,2.49
湖南师范大学,电力工程,62,2.97
华北电力大学,聚合物、塑料,331,2.61
华北电力大学,药物,23,2.26
华北电力大学,农药,3,2.00
华北电力大学,食品、洗涤剂、水处理、生物技术,142,2.33
华北电力大学,一般化学,235,2.71
华北电力大学,纺织和造纸,26,2.00
华北电力大学,印刷、涂料、照相,21,2.85
华北电力大学,石油,142,2.45
华北电力大学,化学工程,366,2.76
华北电力大学,核子能、爆破、防护,99,2.42
华北电力大学,耐火材料、玻璃、陶瓷、（无机）有机电化学,139,2.74
华北电力大学,冶金,88,2.54
华北电力大学,催化剂,79,3.35
华北电力大学,其他,273,2.00
华北电力大学,机械工程,751,4.09
华北电力大学,仪器、测量和测试,1887,2.67
华北电力大学,计算机和控制,2708,2.74
华北电力大学,半导体和电路,1019,2.65
华北电力大学,电子元件,585,2.57
华北电力大学,通讯,672,2.79
华北电力大学,电力工程,2715,2.66
华南师范大学,聚合物、塑料,426,2.54
华南师范大学,药物,182,3.04
华南师范大学,农药,53,2.00
华南师范大学,食品、洗涤剂、水处理、生物技术,252,2.97
华南师范大学,一般化学,205,2.50
华南师范大学,纺织和造纸,28,3.09
华南师范大学,印刷、涂料、照相,32,2.85
华南师范大学,石油,4,2.00
华南师范大学,化学工程,173,2.75
华南师范大学,核子能、爆破、防护,2,2.00
华南师范大学,耐火材料、玻璃、陶瓷、（无机）有机电化学,365,2.61
华南师范大学,冶金,66,3.18
华南师范大学,催化剂,29,2.12
华南师范大学,其他,222,2.00
华南师范大学,机械工程,42,3.32
华南师范大学,仪器、测量和测试,399,2.97
华南师范大学,计算机和控制,424,2.87
华南师范大学,半导体和电路,356,2.67
华南师范大学,电子元件,198,2.69
华南师范大学,通讯,249,2.94
华南师范大学,电力工程,373,2.60
华侨大学,聚合物、塑料,238,2.58
华侨大学,药物,165,2.82
华侨大学,农药,15,3.11
华侨大学,食品、洗涤剂、水处理、生物技术,202,2.72
华侨大学,一般化学,102,2.78
华侨大学,纺织和造纸,19,2.26
华侨大学,印刷、涂料、照相,13,2.33
华侨大学,石油,17,3.00
华侨大学,化学工程,50,3.06
华侨大学,核子能、爆破、防护,0,2.00
华侨大学,耐火材料、玻璃、陶瓷、（无机）有机电化学,57,2.38
华侨大学,冶金,74,3.03
华侨大学,催化剂,29,3.00
华侨大学,其他,218,2.00
华侨大学,机械工程,274,4.27
华侨大学,仪器、测量和测试,275,3.10
华侨大学,计算机和控制,419,3.41
华侨大学,半导体和电路,54,2.36
华侨大学,电子元件,113,2.29
华侨大学,通讯,166,3.34
华侨大学,电力工程,268,2.79
华中科技大学,聚合物、塑料,46,3.37
华中科技大学,药物,45,2.00
华中科技大学,农药,79,3.03
华中科技大学,食品、洗涤剂、水处理、生物技术,56,3.69
华中科技大学,一般化学,69,3.65
华中科技大学,纺织和造纸,2,2.00
华中科技大学,印刷、涂料、照相,13,2.00
华中科技大学,石油,4,2.00
华中科技大学,化学工程,56,2.00
华中科技大学,核子能、爆破、防护,6,2.00
华中科技大学,耐火材料、玻璃、陶瓷、（无机）有机电化学,19,2.00
华中科技大学,冶金,8,2.00
华中科技大学,催化剂,37,2.00
华中科技大学,其他,13,2.00
华中科技大学,机械工程,3,2.00
华中科技大学,仪器、测量和测试,79,2.00
华中科技大学,计算机和控制,141,2.00
华中科技大学,半导体和电路,16,2.00
华中科技大学,电子元件,22,2.00
华中科技大学,通讯,89,2.00
华中科技大学,电力工程,21,2.00
暨南大学,聚合物、塑料,1204,2.72
暨南大学,药物,877,2.61
暨南大学,农药,96,2.62
暨南大学,食品、洗涤剂、水处理、生物技术,1331,2.66
暨南大学,一般化学,678,2.78
暨南大学,纺织和造纸,105,3.04
暨南大学,印刷、涂料、照相,79,2.58
暨南大学,石油,53,3.16
暨南大学,化学工程,540,2.72
暨南大学,核子能、爆破、防护,2,-2.00
暨南大学,耐火材料、玻璃、陶瓷、（无机）有机电化学,435,2.86
暨南大学,冶金,198,2.64
暨南大学,催化剂,99,2.51
暨南大学,其他,770,2.00
暨南大学,机械工程,680,3.81
暨南大学,仪器、测量和测试,1112,2.80
暨南大学,计算机和控制,691,2.67
暨南大学,半导体和电路,190,2.64
暨南大学,电子元件,330,2.73
暨南大学,通讯,308,2.62
暨南大学,电力工程,635,2.97
辽东学院,聚合物、塑料,64,3.40
辽东学院,药物,8,2.78
辽东学院,农药,8,2.00
辽东学院,食品、洗涤剂、水处理、生物技术,36,2.00
辽东学院,一般化学,17,2.00
辽东学院,纺织和造纸,64,2.00
辽东学院,印刷、涂料、照相,3,-2.00
辽东学院,石油,2,2.00
辽东学院,化学工程,26,-2.00
辽东学院,核子能、爆破、防护,0,-2.00
辽东学院,耐火材料、玻璃、陶瓷、（无机）有机电化学,1,2.00
辽东学院,冶金,2,-2.00
辽东学院,催化剂,0,2.00
辽东学院,其他,95,2.00
辽东学院,机械工程,40,2.00
辽东学院,仪器、测量和测试,45,2.00
辽东学院,计算机和控制,40,2.00
辽东学院,半导体和电路,7,2.00
辽东学院,电子元件,18,2.00
辽东学院,通讯,26,2.00
辽东学院,电力工程,31,2.00
辽宁大学,聚合物、塑料,166,2.24
辽宁大学,药物,165,2.43
辽宁大学,农药,43,2.04
辽宁大学,食品、洗涤剂、水处理、生物技术,184,2.30
辽宁大学,一般化学,173,2.42
辽宁大学,纺织和造纸,9,2.00
辽宁大学,印刷、涂料、照相,14,-1.78
辽宁大学,石油,21,2.36
辽宁大学,化学工程,115,2.35
辽宁大学,核子能、爆破、防护,2,-2.00
辽宁大学,耐火材料、玻璃、陶瓷、（无机）有机电化学,29,2.81
辽宁大学,冶金,17,3.11
辽宁大学,催化剂,45,2.19
辽宁大学,其他,40,2.00
辽宁大学,机械工程,18,2.00
辽宁大学,仪器、测量和测试,92,2.42
辽宁大学,计算机和控制,64,2.94
辽宁大学,半导体和电路,30,2.00
辽宁大学,电子元件,9,2.48
辽宁大学,通讯,24,2.00
辽宁大学,电力工程,34,3.18
江南大学,聚合物、塑料,2715,2.59
江南大学,药物,2215,2.52
江南大学,农药,406,2.47
江南大学,食品、洗涤剂、水处理、生物技术,4650,2.56
江南大学,一般化学,1317,2.50
江南大学,纺织和造纸,1453,2.75
江南大学,印刷、涂料、照相,290,2.58
江南大学,石油,108,-1.36
江南大学,化学工程,695,2.57
江南大学,核子能、爆破、防护,11,2.93
江南大学,耐火材料、玻璃、陶瓷、（无机）有机电化学,260,2.58
江南大学,冶金,142,2.99
江南大学,催化剂,231,2.48
江南大学,其他,836,2.00
江南大学,机械工程,497,3.52
江南大学,仪器、测量和测试,1483,2.67
江南大学,计算机和控制,1227,2.94
江南大学,半导体和电路,267,2.74
江南大学,电子元件,286,2.85
江南大学,通讯,479,2.77
江南大学,电力工程,790,2.93
第四军医大学,聚合物、塑料,407,2.00
第四军医大学,药物,1025,2.43
第四军医大学,农药,19,2.21
第四军医大学,食品、洗涤剂、水处理、生物技术,521,2.53
第四军医大学,一般化学,50,2.98
第四军医大学,纺织和造纸,23,2.30
第四军医大学,印刷、涂料、照相,0,-2.00
第四军医大学,石油,0,-2.00
第四军医大学,化学工程,75,2.46
第四军医大学,核子能、爆破、防护,4,2.00
第四军医大学,耐火材料、玻璃、陶瓷、（无机）有机电化学,9,2.00
第四军医大学,冶金,15,2.30
第四军医大学,催化剂,22,2.11
第四军医大学,其他,1770,2.00
第四军医大学,机械工程,169,3.43
第四军医大学,仪器、测量和测试,894,2.84
第四军医大学,计算机和控制,270,2.57
第四军医大学,半导体和电路,27,2.00
第四军医大学,电子元件,74,2.40
第四军医大学,通讯,106,2.54
第四军医大学,电力工程,122,2.70
南昌大学,聚合物、塑料,496,-2.30
南昌大学,药物,673,2.49
南昌大学,农药,42,2.59
南昌大学,食品、洗涤剂、水处理、生物技术,1028,2.49
南昌大学,一般化学,239,2.49
南昌大学,纺织和造纸,27,2.87
南昌大学,印刷、涂料、照相,49,2.46
南昌大学,石油,45,2.50
南昌大学,化学工程,210,2.56
南昌大学,核子能、爆破、防护,1,2.00
南昌大学,耐火材料、玻璃、陶瓷、（无机）有机电化学,231,2.57
南昌大学,冶金,292,2.62
南昌大学,催化剂,43,2.68
南昌大学,其他,226,2.00
南昌大学,机械工程,209,3.70
南昌大学,仪器、测量和测试,530,2.71
南昌大学,计算机和控制,394,2.82
南昌大学,半导体和电路,211,2.69
南昌大学,电子元件,106,2.43
南昌大学,通讯,200,2.70
南昌大学,电力工程,417,2.76
南华大学,聚合物、塑料,78,2.75
南华大学,药物,28,2.00
南华大学,农药,4,-2.30
南华大学,食品、洗涤剂、水处理、生物技术,76,2.99
南华大学,一般化学,31,2.89
南华大学,纺织和造纸,5,2.00
南华大学,印刷、涂料、照相,3,2.00
南华大学,石油,1,2.00
南华大学,化学工程,21,2.05
南华大学,核子能、爆破、防护,36,3.04
南华大学,耐火材料、玻璃、陶瓷、（无机）有机电化学,13,2.00
南华大学,冶金,37,2.00
南华大学,催化剂,1,2.00
南华大学,其他,81,2.00
南华大学,机械工程,62,3.20
南华大学,仪器、测量和测试,84,2.28
南华大学,计算机和控制,90,2.66
南华大学,半导体和电路,21,2.70
南华大学,电子元件,10,2.85
南华大学,通讯,29,2.20
南华大学,电力工程,61,2.82
南京航空航天大学,聚合物、塑料,618,2.48
南京航空航天大学,药物,45,2.52
南京航空航天大学,农药,1,2.60
南京航空航天大学,食品、洗涤剂、水处理、生物技术,81,2.77
南京航空航天大学,一般化学,137,2.50
南京航空航天大学,纺织和造纸,39,2.46
南京航空航天大学,印刷、涂料、照相,91,3.08
南京航空航天大学,石油,9,2.60
南京航空航天大学,化学工程,98,2.52
南京航空航天大学,核子能、爆破、防护,11,2.90
南京航空航天大学,耐火材料、玻璃、陶瓷、（无机）有机电化学,221,2.40
南京航空航天大学,冶金,389,2.65
南京航空航天大学,催化剂,20,2.72
南京航空航天大学,其他,489,2.00
南京航空航天大学,机械工程,780,3.13
南京航空航天大学,仪器、测量和测试,1303,2.40
南京航空航天大学,计算机和控制,2219,2.43
南京航空航天大学,半导体和电路,746,2.32
南京航空航天大学,电子元件,1030,2.44
南京航空航天大学,通讯,1192,2.44
南京航空航天大学,电力工程,1733,2.41
南京理工大学,聚合物、塑料,732,2.62
南京理工大学,药物,197,2.82
南京理工大学,农药,17,2.48
南京理工大学,食品、洗涤剂、水处理、生物技术,311,2.68
南京理工大学,一般化学,621,2.46
南京理工大学,纺织和造纸,52,3.91
南京理工大学,印刷、涂料、照相,84,2.83
南京理工大学,石油,51,2.94
南京理工大学,化学工程,329,2.54
南京理工大学,核子能、爆破、防护,141,2.95
南京理工大学,耐火材料、玻璃、陶瓷、（无机）有机电化学,269,2.49
南京理工大学,冶金,279,2.79
南京理工大学,催化剂,205,2.19
南京理工大学,其他,512,2.00
南京理工大学,机械工程,402,3.40
南京理工大学,仪器、测量和测试,1323,2.66
南京理工大学,计算机和控制,1804,2.85
南京理工大学,半导体和电路,480,2.78
南京理工大学,电子元件,416,2.63
南京理工大学,通讯,1221,2.86
南京理工大学,电力工程,762,2.62
南京林业大学,聚合物、塑料,697,2.56
南京林业大学,药物,199,3.07
南京林业大学,农药,189,3.15
南京林业大学,食品、洗涤剂、水处理、生物技术,491,3.02
南京林业大学,一般化学,241,2.76
南京林业大学,纺织和造纸,157,2.57
南京林业大学,印刷、涂料、照相,109,2.57
南京林业大学,石油,42,2.60
南京林业大学,化学工程,129,3.17
南京林业大学,核子能、爆破、防护,0,-2.30
南京林业大学,耐火材料、玻璃、陶瓷、（无机）有机电化学,44,2.58
南京林业大学,冶金,14,2.00
南京林业大学,催化剂,101,2.22
南京林业大学,其他,475,2.00
南京林业大学,机械工程,284,3.29
南京林业大学,仪器、测量和测试,284,2.78
南京林业大学,计算机和控制,229,3.02
南京林业大学,半导体和电路,28,2.00
南京林业大学,电子元件,63,2.92
南京林业大学,通讯,82,2.00
南京林业大学,电力工程,122,2.64
南京师范大学,聚合物、塑料,222,2.27
南京师范大学,药物,187,-0.98
南京师范大学,农药,62,2.40
南京师范大学,食品、洗涤剂、水处理、生物技术,303,2.27
南京师范大学,一般化学,180,2.37
南京师范大学,纺织和造纸,6,-1.93
南京师范大学,印刷、涂料、照相,11,2.62
南京师范大学,石油,25,3.13
南京师范大学,化学工程,119,2.44
南京师范大学,核子能、爆破、防护,4,-1.70
南京师范大学,耐火材料、玻璃、陶瓷、（无机）有机电化学,57,2.71
南京师范大学,冶金,27,2.92
南京师范大学,催化剂,53,2.51
南京师范大学,其他,68,2.00
南京师范大学,机械工程,59,3.85
南京师范大学,仪器、测量和测试,204,2.45
南京师范大学,计算机和控制,358,2.29
南京师范大学,半导体和电路,45,2.22
南京师范大学,电子元件,75,2.46
南京师范大学,通讯,103,2.02
南京师范大学,电力工程,178,2.39
南京信息工程大学,聚合物、塑料,1411,3.06
南京信息工程大学,药物,226,3.33
南京信息工程大学,农药,208,2.41
南京信息工程大学,食品、洗涤剂、水处理、生物技术,426,2.69
南京信息工程大学,一般化学,1036,2.85
南京信息工程大学,纺织和造纸,78,2.00
南京信息工程大学,印刷、涂料、照相,200,3.21
南京信息工程大学,石油,10,2.56
南京信息工程大学,化学工程,465,2.92
南京信息工程大学,核子能、爆破、防护,1,2.00
南京信息工程大学,耐火材料、玻璃、陶瓷、（无机）有机电化学,360,2.89
南京信息工程大学,冶金,1438,2.55
南京信息工程大学,催化剂,174,2.00
南京信息工程大学,其他,795,2.00
南京信息工程大学,机械工程,632,3.76
南京信息工程大学,仪器、测量和测试,1733,2.89
南京信息工程大学,计算机和控制,4659,2.75
南京信息工程大学,半导体和电路,496,2.90
南京信息工程大学,电子元件,962,2.66
南京信息工程大学,通讯,2505,2.66
南京信息工程大学,电力工程,1308,2.76
南京邮电大学,聚合物、塑料,226,2.39
南京邮电大学,药物,121,3.02
南京邮电大学,农药,3,2.00
南京邮电大学,食品、洗涤剂、水处理、生物技术,61,3.15
南京邮电大学,一般化学,213,2.63
南京邮电大学,纺织和造纸,12,2.00
南京邮电大学,印刷、涂料、照相,19,2.37
南京邮电大学,石油,0,2.00
南京邮电大学,化学工程,56,2.76
南京邮电大学,核子能、爆破、防护,3,2.00
南京邮电大学,耐火材料、玻璃、陶瓷、（无机）有机电化学,315,2.54
南京邮电大学,冶金,38,3.20
南京邮电大学,催化剂,65,2.26
南京邮电大学,其他,159,2.00
南京邮电大学,机械工程,75,3.62
南京邮电大学,仪器、测量和测试,435,2.68
南京邮电大学,计算机和控制,1870,2.36
南京邮电大学,半导体和电路,442,2.46
南京邮电大学,电子元件,277,2.57
南京邮电大学,通讯,1747,2.15
南京邮电大学,电力工程,307,2.71
南京中医药大学,聚合物、塑料,178,2.11
南京中医药大学,药物,565,2.51
南京中医药大学,农药,23,3.64
南京中医药大学,食品、洗涤剂、水处理、生物技术,148,2.92
南京中医药大学,一般化学,14,3.28
南京中医药大学,纺织和造纸,7,2.00
南京中医药大学,印刷、涂料、照相,1,-2.00
南京中医药大学,石油,5,2.00
南京中医药大学,化学工程,68,2.67
南京中医药大学,核子能、爆破、防护,0,-2.00
南京中医药大学,耐火材料、玻璃、陶瓷、（无机）有机电化学,0,2.00
南京中医药大学,冶金,0,-2.00
南京中医药大学,催化剂,12,2.75
南京中医药大学,其他,118,2.00
南京中医药大学,机械工程,19,2.00
南京中医药大学,仪器、测量和测试,168,2.51
南京中医药大学,计算机和控制,62,-1.92
南京中医药大学,半导体和电路,0,-2.00
南京中医药大学,电子元件,6,-2.30
南京中医药大学,通讯,10,-2.20
南京中医药大学,电力工程,27,-1.84
内蒙古大学,聚合物、塑料,163,2.00
内蒙古大学,药物,50,2.80
内蒙古大学,农药,43,-2.05
内蒙古大学,食品、洗涤剂、水处理、生物技术,113,2.17
内蒙古大学,一般化学,63,2.52
内蒙古大学,纺织和造纸,3,2.00
内蒙古大学,印刷、涂料、照相,36,2.64
内蒙古大学,石油,9,2.43
内蒙古大学,化学工程,59,2.56
内蒙古大学,核子能、爆破、防护,0,-2.00
内蒙古大学,耐火材料、玻璃、陶瓷、（无机）有机电化学,54,2.55
内蒙古大学,冶金,6,2.00
内蒙古大学,催化剂,26,2.73
内蒙古大学,其他,22,2.00
内蒙古大学,机械工程,17,2.00
内蒙古大学,仪器、测量和测试,22,2.81
内蒙古大学,计算机和控制,59,3.02
内蒙古大学,半导体和电路,23,2.00
内蒙古大学,电子元件,13,2.00
内蒙古大学,通讯,47,2.00
内蒙古大学,电力工程,21,2.68
宁波大学,聚合物、塑料,1124,2.60
宁波大学,药物,554,2.48
宁波大学,农药,97,2.64
宁波大学,食品、洗涤剂、水处理、生物技术,1094,2.64
宁波大学,一般化学,424,2.69
宁波大学,纺织和造纸,62,2.51
宁波大学,印刷、涂料、照相,50,2.78
宁波大学,石油,21,2.53
宁波大学,化学工程,648,2.58
宁波大学,核子能、爆破、防护,0,2.00
宁波大学,耐火材料、玻璃、陶瓷、（无机）有机电化学,695,2.49
宁波大学,冶金,164,2.46
宁波大学,催化剂,58,3.12
宁波大学,其他,804,2.00
宁波大学,机械工程,588,2.00
宁波大学,仪器、测量和测试,803,2.55
宁波大学,计算机和控制,954,2.42
宁波大学,半导体和电路,396,2.47
宁波大学,电子元件,358,2.40
宁波大学,通讯,684,-1.30
宁波大学,电力工程,716,2.78
宁夏大学,聚合物、塑料,86,2.76
宁夏大学,药物,39,2.46
宁夏大学,农药,45,2.78
宁夏大学,食品、洗涤剂、水处理、生物技术,112,2.81
宁夏大学,一般化学,72,2.67
宁夏大学,纺织和造纸,3,2.48
宁夏大学,印刷、涂料、照相,2,2.00
宁夏大学,石油,8,2.00
宁夏大学,化学工程,67,2.48
宁夏大学,核子能、爆破、防护,0,-2.00
宁夏大学,耐火材料、玻璃、陶瓷、（无机）有机电化学,13,-2.00
宁夏大学,冶金,5,2.70
宁夏大学,催化剂,22,2.82
宁夏大学,其他,116,2.00
宁夏大学,机械工程,51,2.00
宁夏大学,仪器、测量和测试,77,2.71
宁夏大学,计算机和控制,84,2.78
宁夏大学,半导体和电路,20,2.00
宁夏大学,电子元件,18,-2.18
宁夏大学,通讯,34,2.00
宁夏大学,电力工程,68,3.24
青岛科技大学,聚合物、塑料,1230,2.41
青岛科技大学,药物,255,2.46
青岛科技大学,农药,106,2.77
青岛科技大学,食品、洗涤剂、水处理、生物技术,416,2.54
青岛科技大学,一般化学,633,2.61
青岛科技大学,纺织和造纸,83,2.71
青岛科技大学,印刷、涂料、照相,109,2.41
青岛科技大学,石油,99,2.67
青岛科技大学,化学工程,382,2.51
青岛科技大学,核子能、爆破、防护,2,2.00
青岛科技大学,耐火材料、玻璃、陶瓷、（无机）有机电化学,117,2.44
青岛科技大学,冶金,87,2.30
青岛科技大学,催化剂,154,2.74
青岛科技大学,其他,292,2.00
青岛科技大学,机械工程,326,2.89
青岛科技大学,仪器、测量和测试,440,2.58
青岛科技大学,计算机和控制,247,2.78
青岛科技大学,半导体和电路,57,2.82
青岛科技大学,电子元件,103,2.46
青岛科技大学,通讯,116,2.62
青岛科技大学,电力工程,332,2.50
青海大学,聚合物、塑料,48,-2.00
青海大学,药物,23,-2.00
青海大学,农药,12,2.00
青海大学,食品、洗涤剂、水处理、生物技术,32,2.00
青海大学,一般化学,24,-2.00
青海大学,纺织和造纸,3,-2.00
青海大学,印刷、涂料、照相,3,-2.00
青海大学,石油,1,-2.00
青海大学,化学工程,10,-2.00
青海大学,核子能、爆破、防护,0,-2.00
青海大学,耐火材料、玻璃、陶瓷、（无机）有机电化学,13,-2.00
青海大学,冶金,18,-2.00
青海大学,催化剂,1,-2.00
青海大学,其他,44,2.00
青海大学,机械工程,20,2.00
青海大学,仪器、测量和测试,21,2.00
青海大学,计算机和控制,12,2.00
青海大学,半导体和电路,8,-2.00
青海大学,电子元件,6,-2.00
青海大学,通讯,3,-2.00
青海大学,电力工程,35,2.00
陕西理工大学,聚合物、塑料,2097,2.72
陕西理工大学,药物,316,3.21
陕西理工大学,农药,73,3.54
陕西理工大学,食品、洗涤剂、水处理、生物技术,1195,2.90
陕西理工大学,一般化学,1193,2.95
陕西理工大学,纺织和造纸,768,2.60
陕西理工大学,印刷、涂料、照相,358,2.79
陕西理工大学,石油,104,2.95
陕西理工大学,化学工程,533,2.93
陕西理工大学,核子能、爆破、防护,2,2.00
陕西理工大学,耐火材料、玻璃、陶瓷、（无机）有机电化学,1111,2.63
陕西理工大学,冶金,149,2.14
陕西理工大学,催化剂,113,3.34
陕西理工大学,其他,804,2.00
陕西理工大学,机械工程,536,3.24
陕西理工大学,仪器、测量和测试,538,2.58
陕西理工大学,计算机和控制,818,2.83
陕西理工大学,半导体和电路,332,2.65
陕西理工大学,电子元件,258,2.55
陕西理工大学,通讯,348,2.87
陕西理工大学,电力工程,913,2.80
陕西师范大学,聚合物、塑料,10,2.00
陕西师范大学,药物,10,-1.64
陕西师范大学,农药,3,2.67
陕西师范大学,食品、洗涤剂、水处理、生物技术,20,2.09
陕西师范大学,一般化学,4,-1.70
陕西师范大学,纺织和造纸,2,2.23
陕西师范大学,印刷、涂料、照相,0,-1.95
陕西师范大学,石油,0,2.00
陕西师范大学,化学工程,5,2.33
陕西师范大学,核子能、爆破、防护,0,-2.00
陕西师范大学,耐火材料、玻璃、陶瓷、（无机）有机电化学,6,2.25
陕西师范大学,冶金,5,2.56
陕西师范大学,催化剂,0,2.30
陕西师范大学,其他,6,2.00
陕西师范大学,机械工程,0,2.78
陕西师范大学,仪器、测量和测试,4,2.41
陕西师范大学,计算机和控制,1,3.13
陕西师范大学,半导体和电路,1,2.14
陕西师范大学,电子元件,0,2.70
陕西师范大学,通讯,1,2.24
陕西师范大学,电力工程,7,2.88
上海财经大学,聚合物、塑料,0,-2.00
上海财经大学,药物,0,-2.00
上海财经大学,农药,0,-2.00
上海财经大学,食品、洗涤剂、水处理、生物技术,0,-2.00
上海财经大学,一般化学,0,-2.00
上海财经大学,纺织和造纸,0,-2.00
上海财经大学,印刷、涂料、照相,0,-2.00
上海财经大学,石油,0,-2.00
上海财经大学,化学工程,0,-2.00
上海财经大学,核子能、爆破、防护,0,-2.00
上海财经大学,耐火材料、玻璃、陶瓷、（无机）有机电化学,0,-2.00
上海财经大学,冶金,0,-2.00
上海财经大学,催化剂,0,-2.00
上海财经大学,其他,0,-2.00
上海财经大学,机械工程,0,-2.00
上海财经大学,仪器、测量和测试,0,-2.00
上海财经大学,计算机和控制,5,2.00
上海财经大学,半导体和电路,0,-2.00
上海财经大学,电子元件,0,-2.00
上海财经大学,通讯,1,2.00
上海财经大学,电力工程,0,-2.00
上海大学,聚合物、塑料,1141,2.54
上海大学,药物,380,2.55
上海大学,农药,66,2.58
上海大学,食品、洗涤剂、水处理、生物技术,525,2.53
上海大学,一般化学,669,2.43
上海大学,纺织和造纸,122,2.61
上海大学,印刷、涂料、照相,204,2.64
上海大学,石油,68,2.50
上海大学,化学工程,419,2.56
上海大学,核子能、爆破、防护,26,2.75
上海大学,耐火材料、玻璃、陶瓷、（无机）有机电化学,745,2.44
上海大学,冶金,500,2.47
上海大学,催化剂,164,2.34
上海大学,其他,647,2.00
上海大学,机械工程,522,3.43
上海大学,仪器、测量和测试,1041,2.51
上海大学,计算机和控制,1284,2.43
上海大学,半导体和电路,591,2.31
上海大学,电子元件,528,2.38
上海大学,通讯,709,2.30
上海大学,电力工程,1032,2.47
上海电力学院,聚合物、塑料,132,2.47
上海电力学院,药物,4,2.37
上海电力学院,农药,0,2.00
上海电力学院,食品、洗涤剂、水处理、生物技术,72,2.66
上海电力学院,一般化学,120,2.57
上海电力学院,纺织和造纸,4,2.48
上海电力学院,印刷、涂料、照相,14,2.00
上海电力学院,石油,9,2.82
上海电力学院,化学工程,119,2.64
上海电力学院,核子能、爆破、防护,1,2.60
上海电力学院,耐火材料、玻璃、陶瓷、（无机）有机电化学,112,2.11
上海电力学院,冶金,59,2.54
上海电力学院,催化剂,26,2.43
上海电力学院,其他,58,2.00
上海电力学院,机械工程,109,4.12
上海电力学院,仪器、测量和测试,242,2.51
上海电力学院,计算机和控制,452,2.57
上海电力学院,半导体和电路,261,2.61
上海电力学院,电子元件,66,2.59
上海电力学院,通讯,97,2.37
上海电力学院,电力工程,549,2.78
上海海洋大学,聚合物、塑料,250,2.58
上海海洋大学,药物,258,2.66
上海海洋大学,农药,69,2.62
上海海洋大学,食品、洗涤剂、水处理、生物技术,595,2.61
上海海洋大学,一般化学,58,3.44
上海海洋大学,纺织和造纸,8,2.00
上海海洋大学,印刷、涂料、照相,6,2.00
上海海洋大学,石油,9,2.00
上海海洋大学,化学工程,61,2.80
上海海洋大学,核子能、爆破、防护,0,2.00
上海海洋大学,耐火材料、玻璃、陶瓷、（无机）有机电化学,4,2.00
上海海洋大学,冶金,3,2.00
上海海洋大学,催化剂,5,2.00
上海海洋大学,其他,243,2.00
上海海洋大学,机械工程,220,3.40
上海海洋大学,仪器、测量和测试,237,2.74
上海海洋大学,计算机和控制,188,2.70
上海海洋大学,半导体和电路,14,2.72
上海海洋大学,电子元件,26,2.30
上海海洋大学,通讯,128,2.73
上海海洋大学,电力工程,187,3.05
上海体育学院,聚合物、塑料,23,3.04
上海体育学院,药物,0,2.00
上海体育学院,农药,6,-2.00
上海体育学院,食品、洗涤剂、水处理、生物技术,0,-2.00
上海体育学院,一般化学,0,-2.00
上海体育学院,纺织和造纸,0,-2.00
上海体育学院,印刷、涂料、照相,0,-2.00
上海体育学院,石油,0,-2.00
上海体育学院,化学工程,0,2.00
上海体育学院,核子能、爆破、防护,0,-2.00
上海体育学院,耐火材料、玻璃、陶瓷、（无机）有机电化学,0,-2.00
上海体育学院,冶金,0,-2.00
上海体育学院,催化剂,3,-2.00
上海体育学院,其他,38,2.00
上海体育学院,机械工程,4,2.00
上海体育学院,仪器、测量和测试,14,3.00
上海体育学院,计算机和控制,19,2.56
上海体育学院,半导体和电路,3,-2.00
上海体育学院,电子元件,5,2.00
上海体育学院,通讯,16,2.40
上海体育学院,电力工程,8,2.00
上海中医药大学,聚合物、塑料,73,2.39
上海中医药大学,药物,312,2.53
上海中医药大学,农药,9,2.00
上海中医药大学,食品、洗涤剂、水处理、生物技术,148,2.63
上海中医药大学,一般化学,8,2.58
上海中医药大学,纺织和造纸,1,2.00
上海中医药大学,印刷、涂料、照相,0,-2.00
上海中医药大学,石油,0,-2.00
上海中医药大学,化学工程,21,2.00
上海中医药大学,核子能、爆破、防护,0,-2.00
上海中医药大学,耐火材料、玻璃、陶瓷、（无机）有机电化学,0,2.00
上海中医药大学,冶金,0,-2.00
上海中医药大学,催化剂,1,2.00
上海中医药大学,其他,56,2.00
上海中医药大学,机械工程,6,2.00
上海中医药大学,仪器、测量和测试,107,2.87
上海中医药大学,计算机和控制,38,3.18
上海中医药大学,半导体和电路,1,-2.00
上海中医药大学,电子元件,9,2.00
上海中医药大学,通讯,3,2.48
上海中医药大学,电力工程,8,-2.30
石河子大学,聚合物、塑料,155,2.79
石河子大学,药物,153,2.72
石河子大学,农药,93,2.08
石河子大学,食品、洗涤剂、水处理、生物技术,207,2.46
石河子大学,一般化学,61,2.74
石河子大学,纺织和造纸,11,2.05
石河子大学,印刷、涂料、照相,2,-2.00
石河子大学,石油,6,-2.00
石河子大学,化学工程,67,2.61
石河子大学,核子能、爆破、防护,0,2.00
石河子大学,耐火材料、玻璃、陶瓷、（无机）有机电化学,39,2.00
石河子大学,冶金,8,2.00
石河子大学,催化剂,21,3.04
石河子大学,其他,432,2.00
石河子大学,机械工程,184,2.86
石河子大学,仪器、测量和测试,165,3.01
石河子大学,计算机和控制,90,2.88
石河子大学,半导体和电路,7,2.00
石河子大学,电子元件,30,2.00
石河子大学,通讯,15,2.70
石河子大学,电力工程,80,2.44
首都师范大学,聚合物、塑料,57,2.17
首都师范大学,药物,76,2.43
首都师范大学,农药,22,2.00
首都师范大学,食品、洗涤剂、水处理、生物技术,88,2.24
首都师范大学,一般化学,49,2.15
首都师范大学,纺织和造纸,1,2.00
首都师范大学,印刷、涂料、照相,3,-2.30
首都师范大学,石油,1,-1.70
首都师范大学,化学工程,37,2.28
首都师范大学,核子能、爆破、防护,3,2.00
首都师范大学,耐火材料、玻璃、陶瓷、（无机）有机电化学,22,-1.60
首都师范大学,冶金,20,2.93
首都师范大学,催化剂,7,2.00
首都师范大学,其他,30,2.00
首都师范大学,机械工程,19,2.00
首都师范大学,仪器、测量和测试,213,2.44
首都师范大学,计算机和控制,197,2.14
首都师范大学,半导体和电路,54,-2.06
首都师范大学,电子元件,31,2.47
首都师范大学,通讯,67,2.53
首都师范大学,电力工程,39,-1.70
四川农业大学,聚合物、塑料,504,2.81
四川农业大学,药物,681,2.53
四川农业大学,农药,645,2.22
四川农业大学,食品、洗涤剂、水处理、生物技术,1278,2.45
四川农业大学,一般化学,39,2.00
四川农业大学,纺织和造纸,31,3.11
四川农业大学,印刷、涂料、照相,6,2.00
四川农业大学,石油,4,3.30
四川农业大学,化学工程,179,2.69
四川农业大学,核子能、爆破、防护,0,-2.00
四川农业大学,耐火材料、玻璃、陶瓷、（无机）有机电化学,11,2.00
四川农业大学,冶金,19,2.00
四川农业大学,催化剂,2,-2.00
四川农业大学,其他,1515,2.00
四川农业大学,机械工程,511,2.00
四川农业大学,仪器、测量和测试,515,3.03
四川农业大学,计算机和控制,601,3.53
四川农业大学,半导体和电路,137,2.00
四川农业大学,电子元件,78,2.00
四川农业大学,通讯,224,2.00
四川农业大学,电力工程,373,3.92
苏州大学,聚合物、塑料,1674,-2.01
苏州大学,药物,1132,-2.15
苏州大学,农药,57,-1.93
苏州大学,食品、洗涤剂、水处理、生物技术,844,-2.07
苏州大学,一般化学,646,-2.00
苏州大学,纺织和造纸,727,-1.96
苏州大学,印刷、涂料、照相,144,-2.00
苏州大学,石油,5,2.58
苏州大学,化学工程,409,-2.07
苏州大学,核子能、爆破、防护,17,-2.13
苏州大学,耐火材料、玻璃、陶瓷、（无机）有机电化学,612,-1.99
苏州大学,冶金,251,-2.02
苏州大学,催化剂,216,-2.03
苏州大学,其他,1507,-2.19
苏州大学,机械工程,493,-2.19
苏州大学,仪器、测量和测试,945,-2.07
苏州大学,计算机和控制,1282,-2.11
苏州大学,半导体和电路,535,-2.03
苏州大学,电子元件,589,-2.07
苏州大学,通讯,663,-2.15
苏州大学,电力工程,947,-2.05
天津中医药大学,聚合物、塑料,56,2.99
天津中医药大学,药物,158,2.57
天津中医药大学,农药,1,-2.18
天津中医药大学,食品、洗涤剂、水处理、生物技术,27,2.87
天津中医药大学,一般化学,2,2.00
天津中医药大学,纺织和造纸,1,-2.00
天津中医药大学,印刷、涂料、照相,0,2.00
天津中医药大学,石油,0,-2.00
天津中医药大学,化学工程,46,2.00
天津中医药大学,核子能、爆破、防护,0,-2.00
天津中医药大学,耐火材料、玻璃、陶瓷、（无机）有机电化学,0,-2.00
天津中医药大学,冶金,0,-2.00
天津中医药大学,催化剂,0,-2.00
天津中医药大学,其他,35,2.00
天津中医药大学,机械工程,8,2.00
天津中医药大学,仪器、测量和测试,101,2.72
天津中医药大学,计算机和控制,24,2.30
天津中医药大学,半导体和电路,0,-2.00
天津中医药大学,电子元件,8,2.00
天津中医药大学,通讯,3,-2.00
天津中医药大学,电力工程,4,2.00
天水师范学院,聚合物、塑料,18,2.00
天水师范学院,药物,11,2.95
天水师范学院,农药,1,-2.00
天水师范学院,食品、洗涤剂、水处理、生物技术,11,2.00
天水师范学院,一般化学,11,-2.00
天水师范学院,纺织和造纸,0,-2.00
天水师范学院,印刷、涂料、照相,0,-2.00
天水师范学院,石油,0,-2.00
天水师范学院,化学工程,5,-2.00
天水师范学院,核子能、爆破、防护,0,-2.00
天水师范学院,耐火材料、玻璃、陶瓷、（无机）有机电化学,1,-2.00
天水师范学院,冶金,1,-2.00
天水师范学院,催化剂,2,-2.00
天水师范学院,其他,30,2.00
天水师范学院,机械工程,6,-2.00
天水师范学院,仪器、测量和测试,2,2.00
天水师范学院,计算机和控制,15,2.00
天水师范学院,半导体和电路,3,-2.00
天水师范学院,电子元件,13,-2.00
天水师范学院,通讯,18,-2.00
天水师范学院,电力工程,7,2.00
武汉理工大学,聚合物、塑料,1381,2.73
武汉理工大学,药物,117,2.63
武汉理工大学,农药,33,3.34
武汉理工大学,食品、洗涤剂、水处理、生物技术,297,2.75
武汉理工大学,一般化学,645,2.76
武汉理工大学,纺织和造纸,50,2.71
武汉理工大学,印刷、涂料、照相,142,2.54
武汉理工大学,石油,107,2.98
武汉理工大学,化学工程,435,2.65
武汉理工大学,核子能、爆破、防护,0,2.90
武汉理工大学,耐火材料、玻璃、陶瓷、（无机）有机电化学,1192,2.77
武汉理工大学,冶金,342,2.60
武汉理工大学,催化剂,97,3.34
武汉理工大学,其他,544,2.00
武汉理工大学,机械工程,1068,3.72
武汉理工大学,仪器、测量和测试,929,2.88
武汉理工大学,计算机和控制,1414,2.72
武汉理工大学,半导体和电路,413,2.71
武汉理工大学,电子元件,543,2.99
武汉理工大学,通讯,641,2.57
武汉理工大学,电力工程,1286,2.75
西安电子科技大学,聚合物、塑料,134,2.71
西安电子科技大学,药物,82,2.59
西安电子科技大学,农药,1,-2.00
西安电子科技大学,食品、洗涤剂、水处理、生物技术,41,3.32
西安电子科技大学,一般化学,88,2.50
西安电子科技大学,纺织和造纸,1,-2.00
西安电子科技大学,印刷、涂料、照相,19,2.81
西安电子科技大学,石油,5,2.00
西安电子科技大学,化学工程,13,2.48
西安电子科技大学,核子能、爆破、防护,9,2.54
西安电子科技大学,耐火材料、玻璃、陶瓷、（无机）有机电化学,719,2.84
西安电子科技大学,冶金,42,3.15
西安电子科技大学,催化剂,7,2.40
西安电子科技大学,其他,139,2.00
西安电子科技大学,机械工程,70,3.74
西安电子科技大学,仪器、测量和测试,787,2.75
西安电子科技大学,计算机和控制,4540,2.54
西安电子科技大学,半导体和电路,1529,2.56
西安电子科技大学,电子元件,327,2.58
西安电子科技大学,通讯,4047,2.37
西安电子科技大学,电力工程,373,2.63
西北大学,聚合物、塑料,318,-1.73
西北大学,药物,281,-1.67
西北大学,农药,59,2.12
西北大学,食品、洗涤剂、水处理、生物技术,256,-1.42
西北大学,一般化学,255,2.28
西北大学,纺织和造纸,8,-2.17
西北大学,印刷、涂料、照相,51,-1.32
西北大学,石油,83,2.51
西北大学,化学工程,225,-1.56
西北大学,核子能、爆破、防护,10,2.00
西北大学,耐火材料、玻璃、陶瓷、（无机）有机电化学,114,-1.75
西北大学,冶金,21,-1.83
西北大学,催化剂,118,2.51
西北大学,其他,70,2.00
西北大学,机械工程,52,2.00
西北大学,仪器、测量和测试,261,2.00
西北大学,计算机和控制,242,2.17
西北大学,半导体和电路,73,-1.91
西北大学,电子元件,111,2.04
西北大学,通讯,140,2.35
西北大学,电力工程,82,-1.43
西藏大学,聚合物、塑料,1,-2.00
西藏大学,药物,2,2.00
西藏大学,农药,1,-2.00
西藏大学,食品、洗涤剂、水处理、生物技术,1,-2.00
西藏大学,一般化学,0,-2.00
西藏大学,纺织和造纸,1,-2.00
西藏大学,印刷、涂料、照相,0,-2.00
西藏大学,石油,0,-2.00
西藏大学,化学工程,0,-2.00
西藏大学,核子能、爆破、防护,0,-2.00
西藏大学,耐火材料、玻璃、陶瓷、（无机）有机电化学,0,-2.00
西藏大学,冶金,0,-2.00
西藏大学,催化剂,0,-2.00
西藏大学,其他,0,-2.00
西藏大学,机械工程,1,-2.00
西藏大学,仪器、测量和测试,0,-2.00
西藏大学,计算机和控制,1,-2.00
西藏大学,半导体和电路,8,-2.00
西藏大学,电子元件,0,-2.00
西藏大学,通讯,0,-2.00
西藏大学,电力工程,9,-2.00
西南财经大学,聚合物、塑料,0,-2.00
西南财经大学,药物,0,-2.00
西南财经大学,农药,0,-2.00
西南财经大学,食品、洗涤剂、水处理、生物技术,0,-2.00
西南财经大学,一般化学,0,-2.00
西南财经大学,纺织和造纸,0,-2.00
西南财经大学,印刷、涂料、照相,0,-2.00
西南财经大学,石油,0,-2.00
西南财经大学,化学工程,0,-2.00
西南财经大学,核子能、爆破、防护,0,-2.00
西南财经大学,耐火材料、玻璃、陶瓷、（无机）有机电化学,0,-2.00
西南财经大学,冶金,0,-2.00
西南财经大学,催化剂,0,-2.00
西南财经大学,其他,0,-2.00
西南财经大学,机械工程,0,-2.00
西南财经大学,仪器、测量和测试,0,-2.00
西南财经大学,计算机和控制,4,-2.00
西南财经大学,半导体和电路,0,-2.00
西南财经大学,电子元件,0,-2.00
西南财经大学,通讯,3,-2.00
西南财经大学,电力工程,0,-2.00
西南大学,聚合物、塑料,345,2.60
西南大学,药物,460,2.48
西南大学,农药,318,2.59
西南大学,食品、洗涤剂、水处理、生物技术,719,2.53
西南大学,一般化学,196,2.42
西南大学,纺织和造纸,174,2.31
西南大学,印刷、涂料、照相,19,3.10
西南大学,石油,10,2.18
西南大学,化学工程,103,2.54
西南大学,核子能、爆破、防护,2,-2.00
西南大学,耐火材料、玻璃、陶瓷、（无机）有机电化学,104,2.48
西南大学,冶金,96,2.93
西南大学,催化剂,42,2.39
西南大学,其他,314,2.00
西南大学,机械工程,214,3.28
西南大学,仪器、测量和测试,315,2.78
西南大学,计算机和控制,361,2.66
西南大学,半导体和电路,90,2.91
西南大学,电子元件,111,2.66
西南大学,通讯,219,2.90
西南大学,电力工程,304,2.54
西南交通大学,聚合物、塑料,1297,2.44
西南交通大学,药物,803,2.74
西南交通大学,农药,1,2.00
西南交通大学,食品、洗涤剂、水处理、生物技术,222,2.54
西南交通大学,一般化学,279,2.27
西南交通大学,纺织和造纸,59,2.70
西南交通大学,印刷、涂料、照相,32,3.11
西南交通大学,石油,13,2.00
西南交通大学,化学工程,51,2.49
西南交通大学,核子能、爆破、防护,3,2.00
西南交通大学,耐火材料、玻璃、陶瓷、（无机）有机电化学,477,2.39
西南交通大学,冶金,379,2.54
西南交通大学,催化剂,40,2.00
西南交通大学,其他,479,2.00
西南交通大学,机械工程,1477,3.03
西南交通大学,仪器、测量和测试,1990,2.77
西南交通大学,计算机和控制,2702,2.80
西南交通大学,半导体和电路,820,2.54
西南交通大学,电子元件,763,2.70
西南交通大学,通讯,958,2.43
西南交通大学,电力工程,2737,2.64
西南石油大学,聚合物、塑料,927,2.68
西南石油大学,药物,9,3.41
西南石油大学,农药,1,2.00
西南石油大学,食品、洗涤剂、水处理、生物技术,126,2.64
西南石油大学,一般化学,245,2.58
西南石油大学,纺织和造纸,5,-1.40
西南石油大学,印刷、涂料、照相,14,2.98
西南石油大学,石油,1241,2.62
西南石油大学,化学工程,266,2.69
西南石油大学,核子能、爆破、防护,6,2.00
西南石油大学,耐火材料、玻璃、陶瓷、（无机）有机电化学,78,2.79
西南石油大学,冶金,106,3.53
西南石油大学,催化剂,25,2.59
西南石油大学,其他,291,2.00
西南石油大学,机械工程,1251,3.90
西南石油大学,仪器、测量和测试,869,2.90
西南石油大学,计算机和控制,646,2.74
西南石油大学,半导体和电路,46,2.52
西南石油大学,电子元件,147,2.71
西南石油大学,通讯,230,2.99
西南石油大学,电力工程,342,2.92
新疆医科大学,聚合物、塑料,59,2.40
新疆医科大学,药物,205,2.36
新疆医科大学,农药,12,2.00
新疆医科大学,食品、洗涤剂、水处理、生物技术,86,2.45
新疆医科大学,一般化学,4,-2.07
新疆医科大学,纺织和造纸,1,2.00
新疆医科大学,印刷、涂料、照相,0,-2.18
新疆医科大学,石油,0,-2.00
新疆医科大学,化学工程,14,2.35
新疆医科大学,核子能、爆破、防护,0,-2.00
新疆医科大学,耐火材料、玻璃、陶瓷、（无机）有机电化学,1,2.00
新疆医科大学,冶金,0,-2.00
新疆医科大学,催化剂,0,-2.00
新疆医科大学,其他,105,2.00
新疆医科大学,机械工程,9,2.00
新疆医科大学,仪器、测量和测试,91,2.76
新疆医科大学,计算机和控制,20,2.00
新疆医科大学,半导体和电路,2,2.00
新疆医科大学,电子元件,2,2.54
新疆医科大学,通讯,8,2.00
新疆医科大学,电力工程,12,2.00
延边大学,聚合物、塑料,20,3.30
延边大学,药物,37,2.27
延边大学,农药,5,2.00
延边大学,食品、洗涤剂、水处理、生物技术,32,3.00
延边大学,一般化学,9,3.23
延边大学,纺织和造纸,0,2.00
延边大学,印刷、涂料、照相,0,2.00
延边大学,石油,0,-2.00
延边大学,化学工程,28,3.45
延边大学,核子能、爆破、防护,0,-2.00
延边大学,耐火材料、玻璃、陶瓷、（无机）有机电化学,4,2.00
延边大学,冶金,0,-2.00
延边大学,催化剂,0,2.60
延边大学,其他,10,2.00
延边大学,机械工程,6,-2.00
延边大学,仪器、测量和测试,44,3.13
延边大学,计算机和控制,10,2.00
延边大学,半导体和电路,11,-2.00
延边大学,电子元件,2,2.30
延边大学,通讯,6,2.00
延边大学,电力工程,12,2.00
扬州大学,聚合物、塑料,690,2.20
扬州大学,药物,531,2.34
扬州大学,农药,345,2.23
扬州大学,食品、洗涤剂、水处理、生物技术,841,2.15
扬州大学,一般化学,348,2.36
扬州大学,纺织和造纸,58,2.95
扬州大学,印刷、涂料、照相,43,2.60
扬州大学,石油,47,-1.70
扬州大学,化学工程,238,2.10
扬州大学,核子能、爆破、防护,0,2.00
扬州大学,耐火材料、玻璃、陶瓷、（无机）有机电化学,227,2.76
扬州大学,冶金,94,2.73
扬州大学,催化剂,96,2.50
扬州大学,其他,393,2.00
扬州大学,机械工程,450,3.69
扬州大学,仪器、测量和测试,422,2.10
扬州大学,计算机和控制,403,2.38
扬州大学,半导体和电路,116,2.42
扬州大学,电子元件,171,2.94
扬州大学,通讯,114,2.30
扬州大学,电力工程,367,2.74
长安大学,聚合物、塑料,2695,2.91
长安大学,药物,54,3.13
长安大学,农药,42,2.00
长安大学,食品、洗涤剂、水处理、生物技术,277,2.73
长安大学,一般化学,527,2.50
长安大学,纺织和造纸,43,2.95
长安大学,印刷、涂料、照相,104,2.97
长安大学,石油,230,3.07
长安大学,化学工程,340,2.55
长安大学,核子能、爆破、防护,1,3.20
长安大学,耐火材料、玻璃、陶瓷、（无机）有机电化学,1291,3.07
长安大学,冶金,284,3.49
长安大学,催化剂,59,2.00
长安大学,其他,935,2.00
长安大学,机械工程,2565,4.01
长安大学,仪器、测量和测试,2843,2.76
长安大学,计算机和控制,4486,2.95
长安大学,半导体和电路,571,2.84
长安大学,电子元件,774,3.05
长安大学,通讯,1612,2.94
长安大学,电力工程,3116,2.99
长春理工大学,聚合物、塑料,174,2.99
长春理工大学,药物,60,2.76
长春理工大学,农药,2,2.00
长春理工大学,食品、洗涤剂、水处理、生物技术,62,2.78
长春理工大学,一般化学,86,3.58
长春理工大学,纺织和造纸,92,3.06
长春理工大学,印刷、涂料、照相,18,2.00
长春理工大学,石油,0,2.00
长春理工大学,化学工程,34,2.00
长春理工大学,核子能、爆破、防护,1,-2.00
长春理工大学,耐火材料、玻璃、陶瓷、（无机）有机电化学,96,3.43
长春理工大学,冶金,22,3.16
长春理工大学,催化剂,1,2.00
长春理工大学,其他,165,4.06
长春理工大学,机械工程,68,3.72
长春理工大学,仪器、测量和测试,329,3.01
长春理工大学,计算机和控制,350,3.18
长春理工大学,半导体和电路,138,3.49
长春理工大学,电子元件,226,3.18
长春理工大学,通讯,206,3.23
长春理工大学,电力工程,155,3.34
浙江工商大学,聚合物、塑料,244,2.33
浙江工商大学,药物,108,2.13
浙江工商大学,农药,36,2.39
浙江工商大学,食品、洗涤剂、水处理、生物技术,506,2.30
浙江工商大学,一般化学,190,2.40
浙江工商大学,纺织和造纸,9,-1.70
浙江工商大学,印刷、涂料、照相,3,-2.00
浙江工商大学,石油,13,-1.78
浙江工商大学,化学工程,278,2.63
浙江工商大学,核子能、爆破、防护,0,2.81
浙江工商大学,耐火材料、玻璃、陶瓷、（无机）有机电化学,17,-2.00
浙江工商大学,冶金,27,2.00
浙江工商大学,催化剂,44,2.20
浙江工商大学,其他,75,2.00
浙江工商大学,机械工程,89,2.00
浙江工商大学,仪器、测量和测试,459,2.86
浙江工商大学,计算机和控制,589,2.59
浙江工商大学,半导体和电路,80,2.91
浙江工商大学,电子元件,95,3.54
浙江工商大学,通讯,276,2.54
浙江工商大学,电力工程,149,2.69
中国传媒大学,聚合物、塑料,0,-2.00
中国传媒大学,药物,1,-2.00
中国传媒大学,农药,0,-2.00
中国传媒大学,食品、洗涤剂、水处理、生物技术,1,-2.00
中国传媒大学,一般化学,0,-2.00
中国传媒大学,纺织和造纸,0,-2.00
中国传媒大学,印刷、涂料、照相,0,-2.00
中国传媒大学,石油,0,-2.00
中国传媒大学,化学工程,0,-2.00
中国传媒大学,核子能、爆破、防护,0,-2.00
中国传媒大学,耐火材料、玻璃、陶瓷、（无机）有机电化学,0,-2.00
中国传媒大学,冶金,0,-2.00
中国传媒大学,催化剂,0,-2.00
中国传媒大学,其他,2,-2.00
中国传媒大学,机械工程,3,2.00
中国传媒大学,仪器、测量和测试,5,-2.00
中国传媒大学,计算机和控制,176,2.00
中国传媒大学,半导体和电路,7,2.00
中国传媒大学,电子元件,8,2.00
中国传媒大学,通讯,128,2.00
中国传媒大学,电力工程,7,2.00
中国地质大学,聚合物、塑料,380,2.56
中国地质大学,药物,25,2.18
中国地质大学,农药,5,2.52
中国地质大学,食品、洗涤剂、水处理、生物技术,214,2.70
中国地质大学,一般化学,220,2.45
中国地质大学,纺织和造纸,17,2.39
中国地质大学,印刷、涂料、照相,28,2.50
中国地质大学,石油,159,2.60
中国地质大学,化学工程,144,3.02
中国地质大学,核子能、爆破、防护,2,-1.70
中国地质大学,耐火材料、玻璃、陶瓷、（无机）有机电化学,211,2.33
中国地质大学,冶金,69,2.31
中国地质大学,催化剂,11,2.22
中国地质大学,其他,151,2.00
中国地质大学,机械工程,263,3.86
中国地质大学,仪器、测量和测试,639,2.91
中国地质大学,计算机和控制,586,2.74
中国地质大学,半导体和电路,82,2.64
中国地质大学,电子元件,84,2.44
中国地质大学,通讯,250,2.88
中国地质大学,电力工程,222,2.63
中国矿业大学,聚合物、塑料,621,2.60
中国矿业大学,药物,35,3.40
中国矿业大学,农药,2,2.48
中国矿业大学,食品、洗涤剂、水处理、生物技术,195,2.62
中国矿业大学,一般化学,173,2.61
中国矿业大学,纺织和造纸,22,3.53
中国矿业大学,印刷、涂料、照相,11,2.43
中国矿业大学,石油,200,2.55
中国矿业大学,化学工程,767,2.56
中国矿业大学,核子能、爆破、防护,10,2.94
中国矿业大学,耐火材料、玻璃、陶瓷、（无机）有机电化学,157,2.58
中国矿业大学,冶金,108,2.59
中国矿业大学,催化剂,37,2.00
中国矿业大学,其他,663,2.00
中国矿业大学,机械工程,1831,3.51
中国矿业大学,仪器、测量和测试,1863,2.65
中国矿业大学,计算机和控制,1632,2.74
中国矿业大学,半导体和电路,342,2.67
中国矿业大学,电子元件,525,2.56
中国矿业大学,通讯,670,2.74
中国矿业大学,电力工程,1385,2.71
中国人民武装警察部队学院,聚合物、塑料,24,-2.00
中国人民武装警察部队学院,药物,2,-2.00
中国人民武装警察部队学院,农药,0,-2.00
中国人民武装警察部队学院,食品、洗涤剂、水处理、生物技术,3,-2.00
中国人民武装警察部队学院,一般化学,5,-2.00
中国人民武装警察部队学院,纺织和造纸,0,-2.00
中国人民武装警察部队学院,印刷、涂料、照相,0,-2.00
中国人民武装警察部队学院,石油,1,-2.00
中国人民武装警察部队学院,化学工程,3,-2.00
中国人民武装警察部队学院,核子能、爆破、防护,10,-2.00
中国人民武装警察部队学院,耐火材料、玻璃、陶瓷、（无机）有机电化学,1,-2.00
中国人民武装警察部队学院,冶金,0,-2.00
中国人民武装警察部队学院,催化剂,1,-2.00
中国人民武装警察部队学院,其他,14,-2.00
中国人民武装警察部队学院,机械工程,16,-2.00
中国人民武装警察部队学院,仪器、测量和测试,18,-2.00
中国人民武装警察部队学院,计算机和控制,44,-2.00
中国人民武装警察部队学院,半导体和电路,8,-2.00
中国人民武装警察部队学院,电子元件,7,-2.00
中国人民武装警察部队学院,通讯,51,-2.00
中国人民武装警察部队学院,电力工程,19,-2.00
中国石油大学,聚合物、塑料,1292,2.68
中国石油大学,药物,100,2.82
中国石油大学,农药,15,2.70
中国石油大学,食品、洗涤剂、水处理、生物技术,316,2.83
中国石油大学,一般化学,867,2.68
中国石油大学,纺织和造纸,41,3.32
中国石油大学,印刷、涂料、照相,51,2.52
中国石油大学,石油,2217,2.55
中国石油大学,化学工程,966,2.73
中国石油大学,核子能、爆破、防护,7,2.54
中国石油大学,耐火材料、玻璃、陶瓷、（无机）有机电化学,202,2.84
中国石油大学,冶金,212,3.01
中国石油大学,催化剂,331,2.58
中国石油大学,其他,612,2.00
中国石油大学,机械工程,1918,4.45
中国石油大学,仪器、测量和测试,2222,2.99
中国石油大学,计算机和控制,1591,3.00
中国石油大学,半导体和电路,211,2.84
中国石油大学,电子元件,319,2.99
中国石油大学,通讯,436,3.22
中国石油大学,电力工程,920,2.92
中国药科大学,聚合物、塑料,374,2.16
中国药科大学,药物,1430,2.34
中国药科大学,农药,32,2.48
中国药科大学,食品、洗涤剂、水处理、生物技术,389,2.12
中国药科大学,一般化学,82,2.61
中国药科大学,纺织和造纸,5,2.00
中国药科大学,印刷、涂料、照相,6,2.00
中国药科大学,石油,3,2.00
中国药科大学,化学工程,79,2.89
中国药科大学,核子能、爆破、防护,2,-2.00
中国药科大学,耐火材料、玻璃、陶瓷、（无机）有机电化学,5,2.00
中国药科大学,冶金,1,2.00
中国药科大学,催化剂,73,2.66
中国药科大学,其他,13,3.00
中国药科大学,机械工程,12,2.00
中国药科大学,仪器、测量和测试,146,2.58
中国药科大学,计算机和控制,22,2.83
中国药科大学,半导体和电路,2,2.00
中国药科大学,电子元件,2,2.00
中国药科大学,通讯,3,2.78
中国药科大学,电力工程,2,2.00
中国药科大学,聚合物、塑料,374,2.16
中国药科大学,药物,1430,2.34
中国药科大学,农药,32,2.48
中国药科大学,食品、洗涤剂、水处理、生物技术,389,2.12
中国药科大学,一般化学,82,2.61
中国药科大学,纺织和造纸,5,2.00
中国药科大学,印刷、涂料、照相,6,2.00
中国药科大学,石油,3,2.00
中国药科大学,化学工程,79,2.89
中国药科大学,核子能、爆破、防护,2,-2.00
中国药科大学,耐火材料、玻璃、陶瓷、（无机）有机电化学,5,2.00
中国药科大学,冶金,1,2.00
中国药科大学,催化剂,73,2.66
中国药科大学,其他,13,3.00
中国药科大学,机械工程,12,2.00
中国药科大学,仪器、测量和测试,146,2.58
中国药科大学,计算机和控制,22,2.83
中国药科大学,半导体和电路,2,2.00
中国药科大学,电子元件,2,2.00
中国药科大学,通讯,3,2.78
中国药科大学,电力工程,2,2.00
中国政法大学,聚合物、塑料,0,2.30
中国政法大学,药物,2,2.70
中国政法大学,农药,0,-2.00
中国政法大学,食品、洗涤剂、水处理、生物技术,2,2.60
中国政法大学,一般化学,2,-2.00
中国政法大学,纺织和造纸,0,-2.00
中国政法大学,印刷、涂料、照相,0,2.00
中国政法大学,石油,0,-2.00
中国政法大学,化学工程,0,2.00
中国政法大学,核子能、爆破、防护,0,-2.00
中国政法大学,耐火材料、玻璃、陶瓷、（无机）有机电化学,0,2.00
中国政法大学,冶金,0,-2.00
中国政法大学,催化剂,0,-2.00
中国政法大学,其他,0,2.00
中国政法大学,机械工程,2,-2.00
中国政法大学,仪器、测量和测试,3,2.22
中国政法大学,计算机和控制,2,2.16
中国政法大学,半导体和电路,0,2.18
中国政法大学,电子元件,1,2.30
中国政法大学,通讯,0,-1.40
中国政法大学,电力工程,0,-2.08
中南财经政法大学,聚合物、塑料,0,-2.00
中南财经政法大学,药物,0,-2.00
中南财经政法大学,农药,0,-2.00
中南财经政法大学,食品、洗涤剂、水处理、生物技术,1,-2.00
中南财经政法大学,一般化学,0,-2.00
中南财经政法大学,纺织和造纸,0,-2.00
中南财经政法大学,印刷、涂料、照相,0,-2.00
中南财经政法大学,石油,0,-2.00
中南财经政法大学,化学工程,0,-2.00
中南财经政法大学,核子能、爆破、防护,0,-2.00
中南财经政法大学,耐火材料、玻璃、陶瓷、（无机）有机电化学,0,-2.00
中南财经政法大学,冶金,0,-2.00
中南财经政法大学,催化剂,0,-2.00
中南财经政法大学,其他,2,-2.00
中南财经政法大学,机械工程,1,-2.00
中南财经政法大学,仪器、测量和测试,0,-2.00
中南财经政法大学,计算机和控制,3,-2.00
中南财经政法大学,半导体和电路,0,-2.00
中南财经政法大学,电子元件,1,-2.00
中南财经政法大学,通讯,0,-2.00
中南财经政法大学,电力工程,1,-2.00
重庆师范大学,聚合物、塑料,24,-1.62
重庆师范大学,药物,28,2.36
重庆师范大学,农药,7,2.00
重庆师范大学,食品、洗涤剂、水处理、生物技术,23,2.89
重庆师范大学,一般化学,18,2.30
重庆师范大学,纺织和造纸,3,-2.00
重庆师范大学,印刷、涂料、照相,9,-2.18
重庆师范大学,石油,0,-2.23
重庆师范大学,化学工程,11,2.00
重庆师范大学,核子能、爆破、防护,0,-2.00
重庆师范大学,耐火材料、玻璃、陶瓷、（无机）有机电化学,15,-2.18
重庆师范大学,冶金,7,2.95
重庆师范大学,催化剂,3,-2.00
重庆师范大学,其他,46,2.00
重庆师范大学,机械工程,15,2.00
重庆师范大学,仪器、测量和测试,48,2.63
重庆师范大学,计算机和控制,48,2.20
重庆师范大学,半导体和电路,22,2.30
重庆师范大学,电子元件,19,2.00
重庆师范大学,通讯,18,2.00
重庆师范大学,电力工程,57,2.78
宝山学院,聚合物、塑料,1,-2.00
宝山学院,药物,0,-2.00
宝山学院,农药,0,2.00
宝山学院,食品、洗涤剂、水处理、生物技术,2,2.00
宝山学院,一般化学,0,-2.00
宝山学院,纺织和造纸,0,-2.00
宝山学院,印刷、涂料、照相,0,-2.00
宝山学院,石油,0,-2.00
宝山学院,化学工程,0,-2.00
宝山学院,核子能、爆破、防护,0,-2.00
宝山学院,耐火材料、玻璃、陶瓷、（无机）有机电化学,0,-2.00
宝山学院,冶金,1,-2.00
宝山学院,催化剂,0,-2.00
宝山学院,其他,2,2.00
宝山学院,机械工程,0,-2.00
宝山学院,仪器、测量和测试,0,-2.00
宝山学院,计算机和控制,0,-2.00
宝山学院,半导体和电路,0,-2.00
宝山学院,电子元件,0,-2.00
宝山学院,通讯,0,-2.00
宝山学院,电力工程,0,-2.00
河北民族师范学院,聚合物、塑料,2,2.00
河北民族师范学院,药物,6,-2.00
河北民族师范学院,农药,6,-2.00
河北民族师范学院,食品、洗涤剂、水处理、生物技术,0,-2.00
河北民族师范学院,一般化学,2,2.00
河北民族师范学院,纺织和造纸,0,-2.00
河北民族师范学院,印刷、涂料、照相,0,-2.00
河北民族师范学院,石油,0,-2.00
河北民族师范学院,化学工程,1,-2.00
河北民族师范学院,核子能、爆破、防护,0,-2.00
河北民族师范学院,耐火材料、玻璃、陶瓷、（无机）有机电化学,8,2.00
河北民族师范学院,冶金,11,2.00
河北民族师范学院,催化剂,1,-2.00
河北民族师范学院,其他,8,-2.00
河北民族师范学院,机械工程,1,-2.00
河北民族师范学院,仪器、测量和测试,1,-2.00
河北民族师范学院,计算机和控制,3,-2.00
河北民族师范学院,半导体和电路,0,-2.00
河北民族师范学院,电子元件,6,2.00
河北民族师范学院,通讯,2,-2.00
河北民族师范学院,电力工程,10,2.00
衡水学院,聚合物、塑料,3,2.00
衡水学院,药物,2,-2.00
衡水学院,农药,2,-2.00
衡水学院,食品、洗涤剂、水处理、生物技术,2,-2.00
衡水学院,一般化学,2,-2.00
衡水学院,纺织和造纸,0,-2.00
衡水学院,印刷、涂料、照相,1,2.00
衡水学院,石油,0,-2.00
衡水学院,化学工程,2,-2.00
衡水学院,核子能、爆破、防护,0,-2.00
衡水学院,耐火材料、玻璃、陶瓷、（无机）有机电化学,0,-2.00
衡水学院,冶金,0,-2.00
衡水学院,催化剂,1,-2.00
衡水学院,其他,4,-2.00
衡水学院,机械工程,0,-2.00
衡水学院,仪器、测量和测试,1,-2.00
衡水学院,计算机和控制,0,-2.00
衡水学院,半导体和电路,0,-2.00
衡水学院,电子元件,0,-2.00
衡水学院,通讯,0,-2.00
衡水学院,电力工程,1,-2.00
湖北经济学院,聚合物、塑料,0,-2.00
湖北经济学院,药物,0,-2.00
湖北经济学院,农药,0,-2.00
湖北经济学院,食品、洗涤剂、水处理、生物技术,0,-2.00
湖北经济学院,一般化学,0,-2.00
湖北经济学院,纺织和造纸,0,-2.00
湖北经济学院,印刷、涂料、照相,0,-2.00
湖北经济学院,石油,0,-2.00
湖北经济学院,化学工程,0,-2.00
湖北经济学院,核子能、爆破、防护,0,-2.00
湖北经济学院,耐火材料、玻璃、陶瓷、（无机）有机电化学,0,-2.00
湖北经济学院,冶金,0,-2.00
湖北经济学院,催化剂,0,-2.00
湖北经济学院,其他,0,-2.00
湖北经济学院,机械工程,0,-2.00
湖北经济学院,仪器、测量和测试,0,-2.00
湖北经济学院,计算机和控制,2,2.00
湖北经济学院,半导体和电路,0,-2.00
湖北经济学院,电子元件,2,-2.00
湖北经济学院,通讯,0,2.00
湖北经济学院,电力工程,0,-2.00
湖南医药学院,聚合物、塑料,3,-2.00
湖南医药学院,药物,6,2.00
湖南医药学院,农药,1,-2.00
湖南医药学院,食品、洗涤剂、水处理、生物技术,4,-2.00
湖南医药学院,一般化学,0,-2.00
湖南医药学院,纺织和造纸,0,-2.00
湖南医药学院,印刷、涂料、照相,0,-2.00
湖南医药学院,石油,0,-2.00
湖南医药学院,化学工程,0,-2.00
湖南医药学院,核子能、爆破、防护,0,-2.00
湖南医药学院,耐火材料、玻璃、陶瓷、（无机）有机电化学,0,-2.00
湖南医药学院,冶金,0,-2.00
湖南医药学院,催化剂,0,-2.00
湖南医药学院,其他,10,2.00
湖南医药学院,机械工程,0,-2.00
湖南医药学院,仪器、测量和测试,0,-2.00
湖南医药学院,计算机和控制,0,-2.00
湖南医药学院,半导体和电路,0,-2.00
湖南医药学院,电子元件,0,-2.00
湖南医药学院,通讯,0,-2.00
湖南医药学院,电力工程,0,-2.00
华东理工大学,聚合物、塑料,1459,2.47
华东理工大学,药物,667,2.34
华东理工大学,农药,132,2.24
华东理工大学,食品、洗涤剂、水处理、生物技术,889,2.32
华东理工大学,一般化学,1033,2.33
华东理工大学,纺织和造纸,132,2.59
华东理工大学,印刷、涂料、照相,267,2.62
华东理工大学,石油,351,2.13
华东理工大学,化学工程,745,2.30
华东理工大学,核子能、爆破、防护,17,2.94
华东理工大学,耐火材料、玻璃、陶瓷、（无机）有机电化学,300,2.29
华东理工大学,冶金,138,2.38
华东理工大学,催化剂,386,2.34
华东理工大学,其他,187,2.00
华东理工大学,机械工程,181,3.54
华东理工大学,仪器、测量和测试,542,2.50
华东理工大学,计算机和控制,372,2.40
华东理工大学,半导体和电路,137,2.37
华东理工大学,电子元件,126,2.17
华东理工大学,通讯,111,2.59
华东理工大学,电力工程,302,2.46
攀枝花学院,聚合物、塑料,57,2.94
攀枝花学院,药物,16,2.00
攀枝花学院,农药,2,-2.00
攀枝花学院,食品、洗涤剂、水处理、生物技术,43,2.00
攀枝花学院,一般化学,53,2.73
攀枝花学院,纺织和造纸,7,2.00
攀枝花学院,印刷、涂料、照相,15,2.60
攀枝花学院,石油,3,2.00
攀枝花学院,化学工程,24,3.41
攀枝花学院,核子能、爆破、防护,1,2.00
攀枝花学院,耐火材料、玻璃、陶瓷、（无机）有机电化学,54,2.66
攀枝花学院,冶金,114,2.90
攀枝花学院,催化剂,5,2.00
攀枝花学院,其他,146,2.00
攀枝花学院,机械工程,117,2.00
攀枝花学院,仪器、测量和测试,67,2.51
攀枝花学院,计算机和控制,72,2.99
攀枝花学院,半导体和电路,16,2.00
攀枝花学院,电子元件,27,2.00
攀枝花学院,通讯,22,2.78
攀枝花学院,电力工程,114,3.19
衢州学院,聚合物、塑料,47,-2.00
衢州学院,药物,10,-2.00
衢州学院,农药,2,-2.00
衢州学院,食品、洗涤剂、水处理、生物技术,21,-2.00
衢州学院,一般化学,50,-2.00
衢州学院,纺织和造纸,2,-2.00
衢州学院,印刷、涂料、照相,7,-2.00
衢州学院,石油,0,-2.00
衢州学院,化学工程,28,2.00
衢州学院,核子能、爆破、防护,0,-2.00
衢州学院,耐火材料、玻璃、陶瓷、（无机）有机电化学,8,-2.00
衢州学院,冶金,6,-2.00
衢州学院,催化剂,25,-2.00
衢州学院,其他,64,-2.00
衢州学院,机械工程,38,-2.00
衢州学院,仪器、测量和测试,29,-2.00
衢州学院,计算机和控制,24,-2.00
衢州学院,半导体和电路,9,-2.00
衢州学院,电子元件,8,-2.00
衢州学院,通讯,15,-2.00
衢州学院,电力工程,34,-2.00
泉州师范学院,聚合物、塑料,33,2.00
泉州师范学院,药物,5,-2.30
泉州师范学院,农药,2,2.00
泉州师范学院,食品、洗涤剂、水处理、生物技术,27,2.42
泉州师范学院,一般化学,14,2.60
泉州师范学院,纺织和造纸,3,2.00
泉州师范学院,印刷、涂料、照相,1,-2.00
泉州师范学院,石油,0,2.00
泉州师范学院,化学工程,9,2.00
泉州师范学院,核子能、爆破、防护,0,-2.00
泉州师范学院,耐火材料、玻璃、陶瓷、（无机）有机电化学,13,2.00
泉州师范学院,冶金,9,3.00
泉州师范学院,催化剂,3,-2.00
泉州师范学院,其他,41,2.00
泉州师范学院,机械工程,19,2.00
泉州师范学院,仪器、测量和测试,17,3.28
泉州师范学院,计算机和控制,26,2.90
泉州师范学院,半导体和电路,7,2.00
泉州师范学院,电子元件,12,2.90
泉州师范学院,通讯,23,2.65
泉州师范学院,电力工程,30,3.41
皖南医学院,聚合物、塑料,111,2.00
皖南医学院,药物,126,2.00
皖南医学院,农药,4,2.00
皖南医学院,食品、洗涤剂、水处理、生物技术,120,2.00
皖南医学院,一般化学,25,2.00
皖南医学院,纺织和造纸,1,-2.00
皖南医学院,印刷、涂料、照相,2,2.00
皖南医学院,石油,0,-2.30
皖南医学院,化学工程,4,2.70
皖南医学院,核子能、爆破、防护,0,-2.00
皖南医学院,耐火材料、玻璃、陶瓷、（无机）有机电化学,0,-2.00
皖南医学院,冶金,6,2.00
皖南医学院,催化剂,0,-2.00
皖南医学院,其他,139,2.00
皖南医学院,机械工程,21,2.00
皖南医学院,仪器、测量和测试,39,2.85
皖南医学院,计算机和控制,10,2.60
皖南医学院,半导体和电路,1,-2.00
皖南医学院,电子元件,4,2.00
皖南医学院,通讯,6,2.00
皖南医学院,电力工程,12,2.00
张家口学院,聚合物、塑料,0,-2.00
张家口学院,药物,0,-2.00
张家口学院,农药,0,-2.00
张家口学院,食品、洗涤剂、水处理、生物技术,0,-2.00
张家口学院,一般化学,0,-2.00
张家口学院,纺织和造纸,0,-2.00
张家口学院,印刷、涂料、照相,0,-2.00
张家口学院,石油,0,-2.00
张家口学院,化学工程,0,-2.00
张家口学院,核子能、爆破、防护,0,-2.00
张家口学院,耐火材料、玻璃、陶瓷、（无机）有机电化学,0,-2.00
张家口学院,冶金,0,-2.00
张家口学院,催化剂,0,-2.00
张家口学院,其他,2,-2.00
张家口学院,机械工程,0,-2.00
张家口学院,仪器、测量和测试,0,-2.00
张家口学院,计算机和控制,0,-2.00
张家口学院,半导体和电路,0,-2.00
张家口学院,电子元件,0,-2.00
张家口学院,通讯,0,-2.00
张家口学院,电力工程,0,2.00
天津工业大学,聚合物、塑料,1095,2.61
天津工业大学,药物,134,2.69
天津工业大学,农药,13,-1.46
天津工业大学,食品、洗涤剂、水处理、生物技术,415,2.57
天津工业大学,一般化学,417,2.68
天津工业大学,纺织和造纸,615,2.60
天津工业大学,印刷、涂料、照相,53,2.66
天津工业大学,石油,30,2.50
天津工业大学,化学工程,548,2.63
天津工业大学,核子能、爆破、防护,3,2.00
天津工业大学,耐火材料、玻璃、陶瓷、（无机）有机电化学,195,2.69
天津工业大学,冶金,57,2.97
天津工业大学,催化剂,71,2.72
天津工业大学,其他,208,2.00
天津工业大学,机械工程,145,3.69
天津工业大学,仪器、测量和测试,403,2.78
天津工业大学,计算机和控制,660,2.64
天津工业大学,半导体和电路,242,2.56
天津工业大学,电子元件,154,2.69
天津工业大学,通讯,300,2.36
天津工业大学,电力工程,561,2.59
渤海大学,聚合物、塑料,122,2.923
渤海大学,药物,46,3.176
渤海大学,农药,5,-1.699
渤海大学,食品、洗涤剂、水处理、生物技术,195,3.184
渤海大学,一般化学,159,3.013
渤海大学,纺织和造纸,7,2.000
渤海大学,印刷、涂料、照相,8,2.512
渤海大学,石油,7,2.000
渤海大学,化学工程,99,3.501
渤海大学,核子能、爆破、防护,,2.000
渤海大学,耐火材料、玻璃、陶瓷、（无机）有机电化学,81,2.869
渤海大学,冶金,12,3.255
渤海大学,催化剂,12,2.732
渤海大学,其他,207,2.000
渤海大学,机械工程,77,2.000
渤海大学,仪器、测量和测试,92,2.000
渤海大学,计算机和控制,205,2.000
渤海大学,半导体和电路,45,2.000
渤海大学,电子元件,69,3.690
渤海大学,通讯,160,2.000
渤海大学,电力工程,151,3.165